title,author,publisher,pubdate,detail_url,img_url,topic,price,sale_price,rating,desc,판매지수,pubdate,author
혼모노,<시와 물질> 양장노트 + <나쁘게 눈부시기> (오늘의 한국문학 도서 2종 이상 구매) [국내도서] 혼모노 Choice 성해나 (지은이),창비,"2025년 3월 18,000 원 → 16,200원 ( 10% 할인),  마일리지 900 원 9.5 ( 63 )",https://www.aladin.co.kr/shop/wproduct.aspx?ItemId=361016676,,인공지능,,16200.0,9.5,,,2025-03-01,<시와 물질> 양장노트 + <나쁘게 눈부시기> (오늘의 한국문학 도서 2종 이상 구매) [국내도서] 혼모노 Choice 성해나 (지은이)
"첫 여름, 완주","대단한 책 6월 + 패브릭 독서대 (대상도서 포함 국내도서 3만원 이상 구매 시) [국내도서] 첫 여름, 완주 ㅣ 듣는 소설 1 Choice 김금희 (지은이)",무제,"2025년 5월 17,000 원 → 15,300원 ( 10% 할인),  마일리지 850 원 9.5 ( 52 )",https://www.aladin.co.kr/shop/wproduct.aspx?ItemId=362755853,,인공지능,,15300.0,9.5,,,2025-05-01,"대단한 책 6월 + 패브릭 독서대 (대상도서 포함 국내도서 3만원 이상 구매 시) [국내도서] 첫 여름, 완주 ㅣ 듣는 소설 1 Choice 김금희 (지은이)"
안녕이라 그랬어,초판 한정 사인인쇄 양장본 + 안녕 키링 + 어텐션북 + 알라딘 북커버(소설/시 2만원 이상) [국내도서] 안녕이라 그랬어 Choice 김애란 (지은이),문학동네,"2025년 6월 16,800 원 → 15,120원 ( 10% 할인),  마일리지 840 원 9.6 ( 16 )",https://www.aladin.co.kr/shop/wproduct.aspx?ItemId=365665217,,인공지능,,15120.0,9.6,,,2025-06-01,초판 한정 사인인쇄 양장본 + 안녕 키링 + 어텐션북 + 알라딘 북커버(소설/시 2만원 이상) [국내도서] 안녕이라 그랬어 Choice 김애란 (지은이)
청춘의 독서 (특별증보판),유시민 낭독 음성이 담긴 NFC 아크릴 키링(<청춘의 독서> 포함 국내도서 3만원 이상) [국내도서] 청춘의 독서 (특별증보판) - 세상을 바꾼 위험하고 위대한 생각들 유시민 (지은이),웅진지식하우스,"2025년 4월 18,900 원 → 17,010원 ( 10% 할인),  마일리지 940 원 9.1 ( 405 )",https://www.aladin.co.kr/shop/wproduct.aspx?ItemId=362863268,,인공지능,,17010.0,9.1,,,2025-04-01,유시민 낭독 음성이 담긴 NFC 아크릴 키링(<청춘의 독서> 포함 국내도서 3만원 이상) [국내도서] 청춘의 독서 (특별증보판) - 세상을 바꾼 위험하고 위대한 생각들 유시민 (지은이)
소설 보다 : 여름 2025,"<시와 물질> 양장노트 + <나쁘게 눈부시기> (오늘의 한국문학 도서 2종 이상 구매) [국내도서] 소설 보다 : 여름 2025 ㅣ 소설 보다 Choice 김지연 , 이서아 , 함윤이 (지은이)",문학과지성사,"2025년 6월 5,500 원 → 4,950원 ( 10% 할인),  마일리지 270 원 8.0 ( 2 )",https://www.aladin.co.kr/shop/wproduct.aspx?ItemId=365719368,,인공지능,,4950.0,8.0,,,2025-06-01,"<시와 물질> 양장노트 + <나쁘게 눈부시기> (오늘의 한국문학 도서 2종 이상 구매) [국내도서] 소설 보다 : 여름 2025 ㅣ 소설 보다 Choice 김지연 , 이서아 , 함윤이 (지은이)"
단 한 번의 삶,"화제의 책 + 알라딘 굿즈 (이벤트 도서 포함, 국내도서 3만5천원 이상) [국내도서] 단 한 번의 삶 Choice 김영하 (지은이)",복복서가,"2025년 4월 16,800 원 → 15,120원 ( 10% 할인),  마일리지 840 원 9.0 ( 75 )",https://www.aladin.co.kr/shop/wproduct.aspx?ItemId=361141292,,인공지능,,15120.0,9.0,,,2025-04-01,"화제의 책 + 알라딘 굿즈 (이벤트 도서 포함, 국내도서 3만5천원 이상) [국내도서] 단 한 번의 삶 Choice 김영하 (지은이)"
소년이 온다,대한민국 21대 대통령 이재명 [국내도서] 소년이 온다 - 2024 노벨문학상 수상작가 Choice 한강 (지은이),창비,"2014년 5월 15,000 원 → 13,500원 ( 10% 할인),  마일리지 750 원 9.6 ( 998 )",https://www.aladin.co.kr/shop/wproduct.aspx?ItemId=40869703,,인공지능,,13500.0,9.6,,,2014-05-01,대한민국 21대 대통령 이재명 [국내도서] 소년이 온다 - 2024 노벨문학상 수상작가 Choice 한강 (지은이)
스파이 패밀리 15,"초판한정, 띠지 + 아크릴 참 키링 (대상도서 포함 만화 1만 5천원 이상 구매 시) [국내도서] 스파이 패밀리 15 엔도 타츠야 (지은이)",학산문화사(만화),"2025년 6월 6,000 원 → 5,400원 ( 10% 할인),  마일리지 300 원 10.0 ( 2 )",https://www.aladin.co.kr/shop/wproduct.aspx?ItemId=366123624,,인공지능,,5400.0,10.0,,,2025-06-01,"초판한정, 띠지 + 아크릴 참 키링 (대상도서 포함 만화 1만 5천원 이상 구매 시) [국내도서] 스파이 패밀리 15 엔도 타츠야 (지은이)"
미술관에 간 할미,"한정수량, 직접 쓴 손 편지(삽지) + 만년 스탬프 (마일리지 차감) [국내도서] 미술관에 간 할미 - 짧게 읽고 오래 남는 모두의 명화수업 할미 (지은이)",더퀘스트,"2025년 6월 21,000 원 → 18,900원 ( 10% 할인),  마일리지 1,050 원 9.4 ( 11 )",https://www.aladin.co.kr/shop/wproduct.aspx?ItemId=365385112,,인공지능,,18900.0,9.4,,,2025-06-01,"한정수량, 직접 쓴 손 편지(삽지) + 만년 스탬프 (마일리지 차감) [국내도서] 미술관에 간 할미 - 짧게 읽고 오래 남는 모두의 명화수업 할미 (지은이)"
괴수 8호 RELAX 2,"일러스트 카드 + 4컷 포토 카드 + DIY 말풍선 카드 (래핑)
 + 아크릴 DIY 키링 (만화 1만 5천원 이상) [국내도서] 괴수 8호 RELAX 2 마츠모토 나오야 (원작), Kizuku Watanabe (그림), 유유리 (옮긴이)",서울미디어코믹스(서울문화사),"2025년 6월 6,000 원 → 5,400원 ( 10% 할인),  마일리지 300 원 세일즈포인트 : 51,710 부록 : 일러스트 카드 + 4컷 포토 카드 + DIY 말풍선 카드 (래핑)",https://www.aladin.co.kr/shop/wproduct.aspx?ItemId=366172978,,인공지능,,5400.0,,,,2025-06-01,"일러스트 카드 + 4컷 포토 카드 + DIY 말풍선 카드 (래핑)
 + 아크릴 DIY 키링 (만화 1만 5천원 이상) [국내도서] 괴수 8호 RELAX 2 마츠모토 나오야 (원작), Kizuku Watanabe (그림), 유유리 (옮긴이)"
이재명 자서전 그 꿈이 있어 여기까지 왔다,"화제의 책 + 알라딘 굿즈 (이벤트 도서 포함, 국내도서 3만5천원 이상) [국내도서] 이재명 자서전 그 꿈이 있어 여기까지 왔다 이재명 , 스토리텔링콘텐츠연구소 (지은이)",도서출판 아시아,"2025년 6월 16,800 원 → 15,120원 ( 10% 할인),  마일리지 840 원 10.0 ( 2 )",https://www.aladin.co.kr/shop/wproduct.aspx?ItemId=365385254,,인공지능,,15120.0,10.0,,,2025-06-01,"화제의 책 + 알라딘 굿즈 (이벤트 도서 포함, 국내도서 3만5천원 이상) [국내도서] 이재명 자서전 그 꿈이 있어 여기까지 왔다 이재명 , 스토리텔링콘텐츠연구소 (지은이)"
마침내 특이점이 시작된다,"특별 메시지+친필 사인 인쇄본 [국내도서] 마침내 특이점이 시작된다 - 인류가 AI와 결합하는 순간 레이 커즈와일 (지은이), 이충호 (옮긴이), 장대익 (감수)",비즈니스북스,"2025년 6월 30,000 원 → 27,000원 ( 10% 할인),  마일리지 1,500 원 10.0 ( 7 )",https://www.aladin.co.kr/shop/wproduct.aspx?ItemId=365420294,,인공지능,,27000.0,10.0,,,2025-06-01,"특별 메시지+친필 사인 인쇄본 [국내도서] 마침내 특이점이 시작된다 - 인류가 AI와 결합하는 순간 레이 커즈와일 (지은이), 이충호 (옮긴이), 장대익 (감수)"
저속노화 마인드셋,"유리 머그 [국내도서] 저속노화 마인드셋 - 노년내과 의사가 알려주는, 내 몸의 주도권을 되찾고 무너진 삶을 회복하는 법 정희원 (지은이)",웨일북,"2025년 6월 19,500 원 → 17,550원 ( 10% 할인),  마일리지 970 원 8.8 ( 10 )",https://www.aladin.co.kr/shop/wproduct.aspx?ItemId=365713027,,인공지능,,17550.0,8.8,,,2025-06-01,"유리 머그 [국내도서] 저속노화 마인드셋 - 노년내과 의사가 알려주는, 내 몸의 주도권을 되찾고 무너진 삶을 회복하는 법 정희원 (지은이)"
"혹시, 돈 얘기해도 될까요?","화제의 책 + 알라딘 굿즈 (이벤트 도서 포함, 국내도서 3만5천원 이상) [국내도서] 혹시, 돈 얘기해도 될까요? 주언규 (지은이)",필름(Feelm),"2025년 5월 19,800 원 → 17,820원 ( 10% 할인),  마일리지 990 원 9.9 ( 32 )",https://www.aladin.co.kr/shop/wproduct.aspx?ItemId=364851788,,인공지능,,17820.0,9.9,,,2025-05-01,"화제의 책 + 알라딘 굿즈 (이벤트 도서 포함, 국내도서 3만5천원 이상) [국내도서] 혹시, 돈 얘기해도 될까요? 주언규 (지은이)"
료의 생각 없는 생각,아크릴 참 키링 [국내도서] 료의 생각 없는 생각 - 양장 료 (지은이),열림원,"2025년 6월 20,000 원 → 18,000원 ( 10% 할인),  마일리지 1,000 원 10.0 ( 1 )",https://www.aladin.co.kr/shop/wproduct.aspx?ItemId=365667648,,인공지능,,18000.0,10.0,,,2025-06-01,아크릴 참 키링 [국내도서] 료의 생각 없는 생각 - 양장 료 (지은이)
처음 읽는 그리스 로마 신화 13,"인스 스티커(초판 한정/책과 랩핑) [국내도서] 처음 읽는 그리스 로마 신화 13 - 오디세우스의 모험 ㅣ 어린이를 위한 인문학 시리즈 최설희 (지은이), 한현동 (그림), 정수영 (구성)",미래엔아이세움,"2025년 6월 15,500 원 → 13,950원 ( 10% 할인),  마일리지 770 원 세일즈포인트 : 22,700",https://www.aladin.co.kr/shop/wproduct.aspx?ItemId=365816576,,인공지능,,13950.0,,,,2025-06-01,"인스 스티커(초판 한정/책과 랩핑) [국내도서] 처음 읽는 그리스 로마 신화 13 - 오디세우스의 모험 ㅣ 어린이를 위한 인문학 시리즈 최설희 (지은이), 한현동 (그림), 정수영 (구성)"
믿을 구석 The Last Resort,"화제의 책 + 알라딘 굿즈 (이벤트 도서 포함, 국내도서 3만5천원 이상) [국내도서] 믿을 구석 The Last Resort 김멜라 , 김복희 , 김이설 , 박정민 , 박참새 , 손원평 , 오은 , 이해인 , 조예은 , 천선란 , 황인찬 , 김정아 , 배유진 , 인범 (지은이)",서울국제도서전,"2025년 6월 15,000 원 → 13,500원 ( 10% 할인),  마일리지 750 원 5.3 ( 3 )",https://www.aladin.co.kr/shop/wproduct.aspx?ItemId=365718712,,인공지능,,13500.0,5.3,,,2025-06-01,"화제의 책 + 알라딘 굿즈 (이벤트 도서 포함, 국내도서 3만5천원 이상) [국내도서] 믿을 구석 The Last Resort 김멜라 , 김복희 , 김이설 , 박정민 , 박참새 , 손원평 , 오은 , 이해인 , 조예은 , 천선란 , 황인찬 , 김정아 , 배유진 , 인범 (지은이)"
귀신 저택,"화제의 책 + 알라딘 굿즈 (이벤트 도서 포함, 국내도서 3만5천원 이상) [국내도서] 귀신 저택 ㅣ 미야베 월드 2막 미야베 미유키 (지은이), 이규원 (옮긴이)",북스피어,"2025년 6월 19,800 원 → 17,820원 ( 10% 할인),  마일리지 990 원 7.6 ( 16 )",https://www.aladin.co.kr/shop/wproduct.aspx?ItemId=365821087,,인공지능,,17820.0,7.6,,,2025-06-01,"화제의 책 + 알라딘 굿즈 (이벤트 도서 포함, 국내도서 3만5천원 이상) [국내도서] 귀신 저택 ㅣ 미야베 월드 2막 미야베 미유키 (지은이), 이규원 (옮긴이)"
모순,"화제의 책 + 알라딘 굿즈 (이벤트 도서 포함, 국내도서 3만5천원 이상) [국내도서] 모순 - 개정판 Choice 양귀자 (지은이)",쓰다,"2013년 4월 13,000 원 → 11,700원 ( 10% 할인),  마일리지 650 원 9.1 ( 195 )",https://www.aladin.co.kr/shop/wproduct.aspx?ItemId=25843736,,인공지능,,11700.0,9.1,,,2013-04-01,"화제의 책 + 알라딘 굿즈 (이벤트 도서 포함, 국내도서 3만5천원 이상) [국내도서] 모순 - 개정판 Choice 양귀자 (지은이)"
유지만 다이어트 레시피,"화제의 책 + 알라딘 굿즈 (이벤트 도서 포함, 국내도서 3만5천원 이상) [국내도서] 유지만 다이어트 레시피 - 진짜 맛있어서 평생 먹고 싶은 유지만 (지은이)",길벗,"2025년 6월 22,000 원 → 19,800원 ( 10% 할인),  마일리지 1,100 원 10.0 ( 2 )",https://www.aladin.co.kr/shop/wproduct.aspx?ItemId=365443704,,인공지능,,19800.0,10.0,,,2025-06-01,"화제의 책 + 알라딘 굿즈 (이벤트 도서 포함, 국내도서 3만5천원 이상) [국내도서] 유지만 다이어트 레시피 - 진짜 맛있어서 평생 먹고 싶은 유지만 (지은이)"
토막 난 우주를 안고서,"6월의 주목도서 +  초판본 책모양 에코백 (이벤트 도서 포함 국내서 2만원 이상) [국내도서] 토막 난 우주를 안고서 - 한국과학문학상 대표작가 앤솔러지 Choice 김초엽 , 천선란 , 김혜윤 , 청예 , 조서월 (지은이)",허블,"2025년 6월 17,000 원 → 15,300원 ( 10% 할인),  마일리지 850 원 10.0 ( 6 )",https://www.aladin.co.kr/shop/wproduct.aspx?ItemId=365275059,,인공지능,,15300.0,10.0,,,2025-06-01,"6월의 주목도서 +  초판본 책모양 에코백 (이벤트 도서 포함 국내서 2만원 이상) [국내도서] 토막 난 우주를 안고서 - 한국과학문학상 대표작가 앤솔러지 Choice 김초엽 , 천선란 , 김혜윤 , 청예 , 조서월 (지은이)"
야간비행 (먼슬리 클래식),"화제의 책 + 알라딘 굿즈 (이벤트 도서 포함, 국내도서 3만5천원 이상) [국내도서] 야간비행 (먼슬리 클래식) ㅣ 먼슬리 클래식 6 앙투안 드 생텍쥐페리 (지은이), 용경식 (옮긴이)",문학동네,"2025년 6월 10,000 원 → 9,000원 ( 10% 할인),  마일리지 500 원 8.0 ( 20 )",https://www.aladin.co.kr/shop/wproduct.aspx?ItemId=365712600,,인공지능,,9000.0,8.0,,,2025-06-01,"화제의 책 + 알라딘 굿즈 (이벤트 도서 포함, 국내도서 3만5천원 이상) [국내도서] 야간비행 (먼슬리 클래식) ㅣ 먼슬리 클래식 6 앙투안 드 생텍쥐페리 (지은이), 용경식 (옮긴이)"
위버멘쉬,"화제의 책 + 알라딘 굿즈 (이벤트 도서 포함, 국내도서 3만5천원 이상) [국내도서] 위버멘쉬 - 누구의 시선도 아닌, 내 의지대로 살겠다는 선언 프리드리히 니체 (지은이), 어나니머스 (옮긴이)",RISE(떠오름),"2025년 3월 17,800 원 → 16,020원 ( 10% 할인),  마일리지 890 원 9.8 ( 145 )",https://www.aladin.co.kr/shop/wproduct.aspx?ItemId=359025448,,인공지능,,16020.0,9.8,,,2025-03-01,"화제의 책 + 알라딘 굿즈 (이벤트 도서 포함, 국내도서 3만5천원 이상) [국내도서] 위버멘쉬 - 누구의 시선도 아닌, 내 의지대로 살겠다는 선언 프리드리히 니체 (지은이), 어나니머스 (옮긴이)"
인생을 바꾸는 이메일 쓰기,키캡 키링 2종(택1) [국내도서] 인생을 바꾸는 이메일 쓰기 이슬아 (지은이),이야기장수,"2025년 6월 17,800 원 → 16,020원 ( 10% 할인),  마일리지 890 원 10.0 ( 3 )",https://www.aladin.co.kr/shop/wproduct.aspx?ItemId=364982915,,인공지능,,16020.0,10.0,,,2025-06-01,키캡 키링 2종(택1) [국내도서] 인생을 바꾸는 이메일 쓰기 이슬아 (지은이)
지뢰 글리코,"S칩 키링(대상도서 포함 소설/시/희곡 2만 원 이상 구매 시 선택) [국내도서] 지뢰 글리코 아오사키 유고 (지은이), 김은모 (옮긴이)",리드비,"2025년 6월 18,200 원 → 16,380원 ( 10% 할인),  마일리지 910 원 10.0 ( 5 )",https://www.aladin.co.kr/shop/wproduct.aspx?ItemId=365887031,,인공지능,,16380.0,10.0,,,2025-06-01,"S칩 키링(대상도서 포함 소설/시/희곡 2만 원 이상 구매 시 선택) [국내도서] 지뢰 글리코 아오사키 유고 (지은이), 김은모 (옮긴이)"
워런 버핏 웨이,"대단한 책 6월 + 패브릭 독서대 (대상도서 포함 국내도서 3만원 이상 구매 시) [국내도서] 워런 버핏 웨이 로버트 해그스트롬 (지은이), 신용우 (옮긴이)",상상스퀘어,"2025년 5월 33,000 원 → 29,700원 ( 10% 할인),  마일리지 1,650 원 10.0 ( 3 )",https://www.aladin.co.kr/shop/wproduct.aspx?ItemId=363738777,,인공지능,,29700.0,10.0,,,2025-05-01,"대단한 책 6월 + 패브릭 독서대 (대상도서 포함 국내도서 3만원 이상 구매 시) [국내도서] 워런 버핏 웨이 로버트 해그스트롬 (지은이), 신용우 (옮긴이)"
부동산 투자 황금 로드맵,김사부의 투자처 BEST 7 책자 [국내도서] 부동산 투자 황금 로드맵 - 부의 초격차를 만드는 레버리지 투자 시스템 Choice 김원철 (지은이),다산북스,"2025년 6월 25,000 원 → 22,500원 ( 10% 할인),  마일리지 1,250 원 9.5 ( 4 )",https://www.aladin.co.kr/shop/wproduct.aspx?ItemId=365732544,,인공지능,,22500.0,9.5,,,2025-06-01,김사부의 투자처 BEST 7 책자 [국내도서] 부동산 투자 황금 로드맵 - 부의 초격차를 만드는 레버리지 투자 시스템 Choice 김원철 (지은이)
"2025 큰별쌤 최태성의 별★별한국사 한국사능력검정시험 심화(1, 2, 3급) 상","데스크 매트.북엔드.클립보드 등(공무원.자격증.외국어.컴퓨터 구매 금액별 사은품) [국내도서] 2025 큰별쌤 최태성의 별★별한국사 한국사능력검정시험 심화(1, 2, 3급) 상 - 한국사능력검정시험 심화(1, 2, 3급)에 대비한 맞춤 기본서 ㅣ 큰별쌤 최태성의 별★별한국사 한국사능력검정시험 시리즈 최태성 (지은이)",이투스북,"2024년 12월 16,500 원 → 14,850원 ( 10% 할인),  마일리지 820 원 9.6 ( 5 )",https://www.aladin.co.kr/shop/wproduct.aspx?ItemId=353981757,,인공지능,,14850.0,9.6,,,2024-12-01,"데스크 매트.북엔드.클립보드 등(공무원.자격증.외국어.컴퓨터 구매 금액별 사은품) [국내도서] 2025 큰별쌤 최태성의 별★별한국사 한국사능력검정시험 심화(1, 2, 3급) 상 - 한국사능력검정시험 심화(1, 2, 3급)에 대비한 맞춤 기본서 ㅣ 큰별쌤 최태성의 별★별한국사 한국사능력검정시험 시리즈 최태성 (지은이)"
초역 부처의 말,"화제의 책 + 알라딘 굿즈 (이벤트 도서 포함, 국내도서 3만5천원 이상) [국내도서] 초역 부처의 말 - 2500년 동안 사랑받은 코이케 류노스케 (지은이), 박재현 (옮긴이)",포레스트북스,"2024년 5월 17,800 원 → 16,020원 ( 10% 할인),  마일리지 890 원 8.6 ( 47 )",https://www.aladin.co.kr/shop/wproduct.aspx?ItemId=339737027,,인공지능,,16020.0,8.6,,,2024-05-01,"화제의 책 + 알라딘 굿즈 (이벤트 도서 포함, 국내도서 3만5천원 이상) [국내도서] 초역 부처의 말 - 2500년 동안 사랑받은 코이케 류노스케 (지은이), 박재현 (옮긴이)"
미지의 서울 세트 - 전2권,"화제의 책 + 알라딘 굿즈 (이벤트 도서 포함, 국내도서 3만5천원 이상) [국내도서] 미지의 서울 세트 - 전2권 - 이강 대본집 이강 (지은이)",Birdbox,"2025년 7월 46,000 원 → 41,400원 ( 10% 할인),  마일리지 2,300 원 10.0 ( 1 )",https://www.aladin.co.kr/shop/wproduct.aspx?ItemId=366174798,,인공지능,,41400.0,10.0,,,2025-07-01,"화제의 책 + 알라딘 굿즈 (이벤트 도서 포함, 국내도서 3만5천원 이상) [국내도서] 미지의 서울 세트 - 전2권 - 이강 대본집 이강 (지은이)"
스토너 (리커버 특별판),"패브릭 책갈피(대상도서 포함 소설/시/희곡 2만 원 이상 구매시 선택) [국내도서] 스토너 (리커버 특별판) 존 윌리엄스 (지은이), 김승욱 (옮긴이)",알에이치코리아(RHK),"2025년 6월 16,800 원 → 15,120원 ( 10% 할인),  마일리지 840 원 10.0 ( 1 )",https://www.aladin.co.kr/shop/wproduct.aspx?ItemId=365824173,,인공지능,,15120.0,10.0,,,2025-06-01,"패브릭 책갈피(대상도서 포함 소설/시/희곡 2만 원 이상 구매시 선택) [국내도서] 스토너 (리커버 특별판) 존 윌리엄스 (지은이), 김승욱 (옮긴이)"
엄마의 말 연습,"화제의 책 + 알라딘 굿즈 (이벤트 도서 포함, 국내도서 3만5천원 이상) [국내도서] 엄마의 말 연습 - 화내지 않고 사랑하는 마음을 오롯이 전하는 39가지 존중어 수업 윤지영 (지은이)",카시오페아,"2022년 9월 17,500 원 → 15,750원 ( 10% 할인),  마일리지 870 원 10.0 ( 30 )",https://www.aladin.co.kr/shop/wproduct.aspx?ItemId=301477858,,인공지능,,15750.0,10.0,,,2022-09-01,"화제의 책 + 알라딘 굿즈 (이벤트 도서 포함, 국내도서 3만5천원 이상) [국내도서] 엄마의 말 연습 - 화내지 않고 사랑하는 마음을 오롯이 전하는 39가지 존중어 수업 윤지영 (지은이)"
ETS 토익 정기시험 기출문제집 1000 Vol. 4 Reading (리딩),데스크 매트.북엔드.클립보드 등(공무원.자격증.외국어.컴퓨터 구매 금액별 사은품) [국내도서] ETS 토익 정기시험 기출문제집 1000 Vol. 4 Reading (리딩) - 토익 기출문제 독점출간/ ALL NEW 최신기출 10회 수록/ 문제집+해설집+무료 동영상 강의+기출어휘 단어장(PDF)+APP 모바일 학습 ㅣ ETS 토익 정기시험 기출문제집 ETS (엮은이),(주)YBM(와이비엠),"2023년 12월 19,800 원 → 17,820원 ( 10% 할인),  마일리지 990 원 10.0 ( 10 )",https://www.aladin.co.kr/shop/wproduct.aspx?ItemId=330109498,,인공지능,,17820.0,10.0,,,2023-12-01,데스크 매트.북엔드.클립보드 등(공무원.자격증.외국어.컴퓨터 구매 금액별 사은품) [국내도서] ETS 토익 정기시험 기출문제집 1000 Vol. 4 Reading (리딩) - 토익 기출문제 독점출간/ ALL NEW 최신기출 10회 수록/ 문제집+해설집+무료 동영상 강의+기출어휘 단어장(PDF)+APP 모바일 학습 ㅣ ETS 토익 정기시험 기출문제집 ETS (엮은이)
치유의 빛,사각 유리 문진 (<치유의 빛> 포함 소설/시 2만원 이상) [국내도서] 치유의 빛 Choice 강화길 (지은이),은행나무,"2025년 6월 18,000 원 → 16,200원 ( 10% 할인),  마일리지 900 원 9.8 ( 11 )",https://www.aladin.co.kr/shop/wproduct.aspx?ItemId=364869199,,인공지능,,16200.0,9.8,,,2025-06-01,사각 유리 문진 (<치유의 빛> 포함 소설/시 2만원 이상) [국내도서] 치유의 빛 Choice 강화길 (지은이)
결국 국민이 합니다 : 이재명의 인생과 정치철학,대한민국 21대 대통령 이재명 [국내도서] 결국 국민이 합니다 : 이재명의 인생과 정치철학 이재명 (지은이),오마이북,"2025년 4월 22,000 원 → 19,800원 ( 10% 할인),  마일리지 1,100 원 9.7 ( 294 )",https://www.aladin.co.kr/shop/wproduct.aspx?ItemId=362099985,,인공지능,,19800.0,9.7,,,2025-04-01,대한민국 21대 대통령 이재명 [국내도서] 결국 국민이 합니다 : 이재명의 인생과 정치철학 이재명 (지은이)
빛과 실,"프레임 양장 노트 (<빛과 실> 포함, 대상도서 2만원 이상 구매 시) [국내도서] 빛과 실 - 2024 노벨문학상 수상 강연문 수록, 2024 노벨문학상 수상작가 ㅣ 문지 에크리 Choice 한강 (지은이)",문학과지성사,"2025년 4월 15,000 원 → 13,500원 ( 10% 할인),  마일리지 750 원 8.2 ( 64 )",https://www.aladin.co.kr/shop/wproduct.aspx?ItemId=362922298,,인공지능,,13500.0,8.2,,,2025-04-01,"프레임 양장 노트 (<빛과 실> 포함, 대상도서 2만원 이상 구매 시) [국내도서] 빛과 실 - 2024 노벨문학상 수상 강연문 수록, 2024 노벨문학상 수상작가 ㅣ 문지 에크리 Choice 한강 (지은이)"
자유론,"화제의 책 + 알라딘 굿즈 (이벤트 도서 포함, 국내도서 3만5천원 이상) [국내도서] 자유론 ㅣ 고전의세계 리커버 존 스튜어트 밀 (지은이), 김만권 (옮긴이)",책세상,"2025년 3월 9,900 원 → 8,910원 ( 10% 할인),  마일리지 490 원 9.9 ( 20 )",https://www.aladin.co.kr/shop/wproduct.aspx?ItemId=359375700,,인공지능,,8910.0,9.9,,,2025-03-01,"화제의 책 + 알라딘 굿즈 (이벤트 도서 포함, 국내도서 3만5천원 이상) [국내도서] 자유론 ㅣ 고전의세계 리커버 존 스튜어트 밀 (지은이), 김만권 (옮긴이)"
"2025 큰별쌤 최태성의 별★별한국사 한국사능력검정시험 심화(1, 2, 3급) 하","데스크 매트.북엔드.클립보드 등(공무원.자격증.외국어.컴퓨터 구매 금액별 사은품) [국내도서] 2025 큰별쌤 최태성의 별★별한국사 한국사능력검정시험 심화(1, 2, 3급) 하 - 한국사능력검정시험 심화(1, 2, 3급)에 대비한 맞춤 기본서 ㅣ 큰별쌤 최태성의 별★별한국사 한국사능력검정시험 시리즈 최태성 (지은이)",이투스북,"2024년 12월 16,000 원 → 14,400원 ( 10% 할인),  마일리지 800 원 9.0 ( 2 )",https://www.aladin.co.kr/shop/wproduct.aspx?ItemId=353981994,,인공지능,,14400.0,9.0,,,2024-12-01,"데스크 매트.북엔드.클립보드 등(공무원.자격증.외국어.컴퓨터 구매 금액별 사은품) [국내도서] 2025 큰별쌤 최태성의 별★별한국사 한국사능력검정시험 심화(1, 2, 3급) 하 - 한국사능력검정시험 심화(1, 2, 3급)에 대비한 맞춤 기본서 ㅣ 큰별쌤 최태성의 별★별한국사 한국사능력검정시험 시리즈 최태성 (지은이)"
ETS 토익 정기시험 기출문제집 1000 Vol. 4 Listening (리스닝),데스크 매트.북엔드.클립보드 등(공무원.자격증.외국어.컴퓨터 구매 금액별 사은품) [국내도서] ETS 토익 정기시험 기출문제집 1000 Vol. 4 Listening (리스닝) - 토익 기출문제 독점출간/ ALL NEW 최신기출 10회 수록/ 문제집+해설집+무료 정기시험 성우 MP3+무료 동영상 강의+기출어휘 단어장(PDF)+APP 모바일 학습 ㅣ ETS 토익 정기시험 기출문제집 ETS (엮은이),(주)YBM(와이비엠),"2023년 12월 19,800 원 → 17,820원 ( 10% 할인),  마일리지 990 원 10.0 ( 7 )",https://www.aladin.co.kr/shop/wproduct.aspx?ItemId=330109271,,인공지능,,17820.0,10.0,,,2023-12-01,데스크 매트.북엔드.클립보드 등(공무원.자격증.외국어.컴퓨터 구매 금액별 사은품) [국내도서] ETS 토익 정기시험 기출문제집 1000 Vol. 4 Listening (리스닝) - 토익 기출문제 독점출간/ ALL NEW 최신기출 10회 수록/ 문제집+해설집+무료 정기시험 성우 MP3+무료 동영상 강의+기출어휘 단어장(PDF)+APP 모바일 학습 ㅣ ETS 토익 정기시험 기출문제집 ETS (엮은이)
2025 제16회 젊은작가상 수상작품집,"<시와 물질> 양장노트 + <나쁘게 눈부시기> (오늘의 한국문학 도서 2종 이상 구매) [국내도서] 2025 제16회 젊은작가상 수상작품집 Choice 백온유 , 강보라 , 서장원 , 성해나 , 성혜령 , 이희주 , 현호정 (지은이)",문학동네,"2025년 4월 7,700 원 → 6,930원 ( 10% 할인),  마일리지 380 원 8.2 ( 17 )",https://www.aladin.co.kr/shop/wproduct.aspx?ItemId=361435920,,인공지능,,6930.0,8.2,,,2025-04-01,"<시와 물질> 양장노트 + <나쁘게 눈부시기> (오늘의 한국문학 도서 2종 이상 구매) [국내도서] 2025 제16회 젊은작가상 수상작품집 Choice 백온유 , 강보라 , 서장원 , 성해나 , 성혜령 , 이희주 , 현호정 (지은이)"
팔레스타인,"한눈에 보는 만화 소식 (매주 업데이트) + 키캡 키링 [국내도서] 팔레스타인 - 최신 개정판 Choice 조 사코 (지은이), 함규진 (옮긴이)",휴머니스트,"2025년 6월 35,000 원 → 31,500원 ( 10% 할인),  마일리지 1,750 원 9.6 ( 9 )",https://www.aladin.co.kr/shop/wproduct.aspx?ItemId=364198148,,인공지능,,31500.0,9.6,,,2025-06-01,"한눈에 보는 만화 소식 (매주 업데이트) + 키캡 키링 [국내도서] 팔레스타인 - 최신 개정판 Choice 조 사코 (지은이), 함규진 (옮긴이)"
내게 남은 스물다섯 번의 계절,"6월 특별 선물. 도시락 보냉가방 ·
여름 와플 담요 (이벤트 도서 포함 국내서·외서 5만원 이상) [국내도서] 내게 남은 스물다섯 번의 계절 슈테판 셰퍼 (지은이), 전은경 (옮긴이)",서삼독,"2025년 5월 16,800 원 → 15,120원 ( 10% 할인),  마일리지 840 원 9.8 ( 8 )",https://www.aladin.co.kr/shop/wproduct.aspx?ItemId=363875410,,인공지능,,15120.0,9.8,,,2025-05-01,"6월 특별 선물. 도시락 보냉가방 ·
여름 와플 담요 (이벤트 도서 포함 국내서·외서 5만원 이상) [국내도서] 내게 남은 스물다섯 번의 계절 슈테판 셰퍼 (지은이), 전은경 (옮긴이)"
빅 사이클,"6월 특별 선물. 도시락 보냉가방 ·
여름 와플 담요 (이벤트 도서 포함 국내서·외서 5만원 이상) [국내도서] 빅 사이클 Choice 레이 달리오 (지은이), 조용빈 (옮긴이)",한빛비즈,"2025년 6월 38,000 원 → 34,200원 ( 10% 할인),  마일리지 1,900 원 10.0 ( 7 )",https://www.aladin.co.kr/shop/wproduct.aspx?ItemId=364587514,,인공지능,,34200.0,10.0,,,2025-06-01,"6월 특별 선물. 도시락 보냉가방 ·
여름 와플 담요 (이벤트 도서 포함 국내서·외서 5만원 이상) [국내도서] 빅 사이클 Choice 레이 달리오 (지은이), 조용빈 (옮긴이)"
순간을 달리는 할머니 1,초판한정 작가 친필 사인 인쇄본 + 별사탕 만화책(32p) [국내도서] 순간을 달리는 할머니 1 - 펀자이씨툰 ㅣ 순간을 달리는 할머니 1 엄유진 (지은이),문학동네,"2025년 6월 18,000 원 → 16,200원 ( 10% 할인),  마일리지 900 원 10.0 ( 1 )",https://www.aladin.co.kr/shop/wproduct.aspx?ItemId=365049529,,인공지능,,16200.0,10.0,,,2025-06-01,초판한정 작가 친필 사인 인쇄본 + 별사탕 만화책(32p) [국내도서] 순간을 달리는 할머니 1 - 펀자이씨툰 ㅣ 순간을 달리는 할머니 1 엄유진 (지은이)
에그박사 15,"에그박사 똥 키링(택1) [국내도서] 에그박사 15 - 자연 생물 관찰 만화 ㅣ 에그박사 15 에그박사 (원작), 박송이 (글), 홍종현 (그림), 주세종 (감수)",미래엔아이세움,"2025년 5월 15,800 원 → 14,220원 ( 10% 할인),  마일리지 790 원 10.0 ( 12 )",https://www.aladin.co.kr/shop/wproduct.aspx?ItemId=364712541,,인공지능,,14220.0,10.0,,,2025-05-01,"에그박사 똥 키링(택1) [국내도서] 에그박사 15 - 자연 생물 관찰 만화 ㅣ 에그박사 15 에그박사 (원작), 박송이 (글), 홍종현 (그림), 주세종 (감수)"
듀얼 브레인,"패브릭 금박 노트 (대상도서 포함 국내도서 3만원 이상) [국내도서] 듀얼 브레인 - AI 시대의 실용적 생존 가이드 Choice 이선 몰릭 (지은이), 신동숙 (옮긴이)",상상스퀘어,"2025년 3월 21,000 원 → 18,900원 ( 10% 할인),  마일리지 1,050 원 7.6 ( 27 )",https://www.aladin.co.kr/shop/wproduct.aspx?ItemId=358739031,,인공지능,,18900.0,7.6,,,2025-03-01,"패브릭 금박 노트 (대상도서 포함 국내도서 3만원 이상) [국내도서] 듀얼 브레인 - AI 시대의 실용적 생존 가이드 Choice 이선 몰릭 (지은이), 신동숙 (옮긴이)"
경험의 멸종,"6월 특별 선물. 도시락 보냉가방 ·
여름 와플 담요 (이벤트 도서 포함 국내서·외서 5만원 이상) [국내도서] 경험의 멸종 - 기술이 경험을 대체하는 시대, 인간은 계속 인간일 수 있을까 크리스틴 로젠 (지은이), 이영래 (옮긴이)",어크로스,"2025년 5월 19,800 원 → 17,820원 ( 10% 할인),  마일리지 990 원 8.6 ( 19 )",https://www.aladin.co.kr/shop/wproduct.aspx?ItemId=364235991,,인공지능,,17820.0,8.6,,,2025-05-01,"6월 특별 선물. 도시락 보냉가방 ·
여름 와플 담요 (이벤트 도서 포함 국내서·외서 5만원 이상) [국내도서] 경험의 멸종 - 기술이 경험을 대체하는 시대, 인간은 계속 인간일 수 있을까 크리스틴 로젠 (지은이), 이영래 (옮긴이)"
괴수 8호 15 (트리플 특장판),"일러스트 아코디언 엽서 (15권 포함, 만화 분야 1.5만원 이상 구매 시) [국내도서] 괴수 8호 15 (트리플 특장판) - 아크릴 일러스트 보드 + 아시로 미나 일러스트 카드 + 방위대 일러스트 카드 마츠모토 나오야 (지은이), 유유리 (옮긴이)",서울미디어코믹스(서울문화사),"2025년 5월 6,000 원 → 5,400원 ( 10% 할인),  마일리지 300 원 9.7 ( 13 )",https://www.aladin.co.kr/shop/wproduct.aspx?ItemId=364449659,,인공지능,,5400.0,9.7,,,2025-05-01,"일러스트 아코디언 엽서 (15권 포함, 만화 분야 1.5만원 이상 구매 시) [국내도서] 괴수 8호 15 (트리플 특장판) - 아크릴 일러스트 보드 + 아시로 미나 일러스트 카드 + 방위대 일러스트 카드 마츠모토 나오야 (지은이), 유유리 (옮긴이)"
흔한남매 19,"흔한남매 미니 3단 수납함 (2종 중 1종 택1) [국내도서] 흔한남매 19 ㅣ 흔한남매 19 흔한남매 (지은이), 백난도 (글), 유난희 (그림), 흔한컴퍼니 (감수)",미래엔아이세움,"2025년 4월 15,800 원 → 14,220원 ( 10% 할인),  마일리지 790 원 10.0 ( 45 )",https://www.aladin.co.kr/shop/wproduct.aspx?ItemId=362085016,,인공지능,,14220.0,10.0,,,2025-04-01,"흔한남매 미니 3단 수납함 (2종 중 1종 택1) [국내도서] 흔한남매 19 ㅣ 흔한남매 19 흔한남매 (지은이), 백난도 (글), 유난희 (그림), 흔한컴퍼니 (감수)"
이로운 보수 의로운 진보,"L의 운동화 키링 (대상도서 포함 국내도서 2만 원 이상 구입 시 선택) [국내도서] 이로운 보수 의로운 진보 - 최강 형제가 들려주는 최소한의 정치 교양 최강욱 , 최강혁 (지은이)",한겨레출판,"2025년 5월 20,000 원 → 18,000원 ( 10% 할인),  마일리지 1,000 원 9.6 ( 44 )",https://www.aladin.co.kr/shop/wproduct.aspx?ItemId=362929018,,인공지능,,18000.0,9.6,,,2025-05-01,"L의 운동화 키링 (대상도서 포함 국내도서 2만 원 이상 구입 시 선택) [국내도서] 이로운 보수 의로운 진보 - 최강 형제가 들려주는 최소한의 정치 교양 최강욱 , 최강혁 (지은이)"
소설 보다 : 봄 2025,"<시와 물질> 양장노트 + <나쁘게 눈부시기> (오늘의 한국문학 도서 2종 이상 구매) [국내도서] 소설 보다 : 봄 2025 ㅣ 소설 보다 Choice 강보라 , 성해나 , 윤단 (지은이)",문학과지성사,"2025년 3월 5,500 원 → 4,950원 ( 10% 할인),  마일리지 270 원 9.5 ( 8 )",https://www.aladin.co.kr/shop/wproduct.aspx?ItemId=360711714,,인공지능,,4950.0,9.5,,,2025-03-01,"<시와 물질> 양장노트 + <나쁘게 눈부시기> (오늘의 한국문학 도서 2종 이상 구매) [국내도서] 소설 보다 : 봄 2025 ㅣ 소설 보다 Choice 강보라 , 성해나 , 윤단 (지은이)"
물질의 세계,"인플루엔셜 브랜드전 + 유리 키링(대상도서 3만원 이상) [국내도서] 물질의 세계 - 6가지 물질이 그려내는 인류 문명의 대서사시 에드 콘웨이 (지은이), 이종인 (옮긴이)",인플루엔셜(주),"2024년 3월 29,800 원 → 26,820원 ( 10% 할인),  마일리지 1,490 원 9.7 ( 44 )",https://www.aladin.co.kr/shop/wproduct.aspx?ItemId=334786620,,인공지능,,26820.0,9.7,,,2024-03-01,"인플루엔셜 브랜드전 + 유리 키링(대상도서 3만원 이상) [국내도서] 물질의 세계 - 6가지 물질이 그려내는 인류 문명의 대서사시 에드 콘웨이 (지은이), 이종인 (옮긴이)"
순간을 달리는 할머니 2,초판한정 작가 친필 사인 인쇄본 [국내도서] 순간을 달리는 할머니 2 - 펀자이씨툰 ㅣ 순간을 달리는 할머니 2 엄유진 (지은이),문학동네,"2025년 6월 18,000 원 → 16,200원 ( 10% 할인),  마일리지 900 원 세일즈포인트 : 28,600",https://www.aladin.co.kr/shop/wproduct.aspx?ItemId=365049623,,인공지능,,16200.0,,,,2025-06-01,초판한정 작가 친필 사인 인쇄본 [국내도서] 순간을 달리는 할머니 2 - 펀자이씨툰 ㅣ 순간을 달리는 할머니 2 엄유진 (지은이)
여름 피치 스파클링,트레이싱 PET 책갈피 [국내도서] 여름 피치 스파클링 차정은 (지은이),다이브,"2025년 6월 12,000 원 → 10,800원 ( 10% 할인),  마일리지 600 원 6.0 ( 2 )",https://www.aladin.co.kr/shop/wproduct.aspx?ItemId=364853751,,인공지능,,10800.0,6.0,,,2025-06-01,트레이싱 PET 책갈피 [국내도서] 여름 피치 스파클링 차정은 (지은이)
히카루가 죽은 여름 6,"초판 한정, 띠지 + 일러스트 카드 2종 (래핑) + 아크릴 블록 (만화 1만 5천원 이상 구매) [국내도서] 히카루가 죽은 여름 6 - SL Comic 모쿠모쿠렌 (지은이), 송재희 (옮긴이)",디앤씨미디어(주)(D&C미디어),"2025년 6월 6,500 원 → 5,850원 ( 10% 할인),  마일리지 320 원 10.0 ( 1 )",https://www.aladin.co.kr/shop/wproduct.aspx?ItemId=366120687,,인공지능,,5850.0,10.0,,,2025-06-01,"초판 한정, 띠지 + 일러스트 카드 2종 (래핑) + 아크릴 블록 (만화 1만 5천원 이상 구매) [국내도서] 히카루가 죽은 여름 6 - SL Comic 모쿠모쿠렌 (지은이), 송재희 (옮긴이)"
나츠메 우인장 31,"화제의 책 + 알라딘 굿즈 (이벤트 도서 포함, 국내도서 3만5천원 이상) [국내도서] 나츠메 우인장 31 미도리카와 유키 (지은이)",학산문화사(만화),"2025년 6월 6,000 원 → 5,400원 ( 10% 할인),  마일리지 300 원 세일즈포인트 : 17,040",https://www.aladin.co.kr/shop/wproduct.aspx?ItemId=365662113,,인공지능,,5400.0,,,,2025-06-01,"화제의 책 + 알라딘 굿즈 (이벤트 도서 포함, 국내도서 3만5천원 이상) [국내도서] 나츠메 우인장 31 미도리카와 유키 (지은이)"
멜로우 TV 3 : 멜싹오싹 위험한 미션,"이모티콘 스티커 (초판 한정/책과 랩핑) [국내도서] 멜로우 TV 3 : 멜싹오싹 위험한 미션 - 마음 레벨 업! 인성 코믹북 ㅣ 멜로우 TV 3 멜로우 TV (원작), 한바리 (글), 차차 (그림)",학산문화사(단행본),"2025년 6월 16,800 원 → 15,120원 ( 10% 할인),  마일리지 840 원 9.0 ( 2 )",https://www.aladin.co.kr/shop/wproduct.aspx?ItemId=365443303,,인공지능,,15120.0,9.0,,,2025-06-01,"이모티콘 스티커 (초판 한정/책과 랩핑) [국내도서] 멜로우 TV 3 : 멜싹오싹 위험한 미션 - 마음 레벨 업! 인성 코믹북 ㅣ 멜로우 TV 3 멜로우 TV (원작), 한바리 (글), 차차 (그림)"
어른의 품격을 채우는 100일 필사 노트,"6월 특별 선물. 도시락 보냉가방 ·
여름 와플 담요 (이벤트 도서 포함 국내서·외서 5만원 이상) [국내도서] 어른의 품격을 채우는 100일 필사 노트 김종원 (지은이)",청림Life,"2025년 3월 20,000 원 → 18,000원 ( 10% 할인),  마일리지 1,000 원 9.7 ( 21 )",https://www.aladin.co.kr/shop/wproduct.aspx?ItemId=358092951,,인공지능,,18000.0,9.7,,,2025-03-01,"6월 특별 선물. 도시락 보냉가방 ·
여름 와플 담요 (이벤트 도서 포함 국내서·외서 5만원 이상) [국내도서] 어른의 품격을 채우는 100일 필사 노트 김종원 (지은이)"
"의사 어벤저스 22 : 복통, 위기를 감지하라!","피너츠 메모패드(2종 중 1종 택1, 대상도서 1만 원 이상 구매 시) [국내도서] 의사 어벤저스 22 : 복통, 위기를 감지하라! - 어린이 의학 동화 ㅣ 의사 어벤저스 22 고희정 (지은이), 조승연 (그림), 류정민 (감수)",가나출판사,"2025년 6월 15,800 원 → 14,220원 ( 10% 할인),  마일리지 790 원 세일즈포인트 : 11,650",https://www.aladin.co.kr/shop/wproduct.aspx?ItemId=365825602,,인공지능,,14220.0,,,,2025-06-01,"피너츠 메모패드(2종 중 1종 택1, 대상도서 1만 원 이상 구매 시) [국내도서] 의사 어벤저스 22 : 복통, 위기를 감지하라! - 어린이 의학 동화 ㅣ 의사 어벤저스 22 고희정 (지은이), 조승연 (그림), 류정민 (감수)"
히카루가 죽은 여름 6 (특장판),"띠지, 아크릴 스탠드, 특별판 일러스트 카드 2종, 특별판 무선 노트, 특별판 필름 책갈피, 일반판 일러스트 카드 2종(래핑) + 아크릴 블록(마일리지 차감) [국내도서] 히카루가 죽은 여름 6 (특장판) - SL Comic, 아크릴 스탠드 + 무지 노트 + 한정 일러스트 카드 2종 + 필름 책갈피 모쿠모쿠렌 (지은이), 송재희 (옮긴이)",디앤씨미디어(주)(D&C미디어),"2025년 6월 25,000 원 → 22,500원 ( 10% 할인),  마일리지 1,250 원 10.0 ( 2 )",https://www.aladin.co.kr/shop/wproduct.aspx?ItemId=366120400,,인공지능,,22500.0,10.0,,,2025-06-01,"띠지, 아크릴 스탠드, 특별판 일러스트 카드 2종, 특별판 무선 노트, 특별판 필름 책갈피, 일반판 일러스트 카드 2종(래핑) + 아크릴 블록(마일리지 차감) [국내도서] 히카루가 죽은 여름 6 (특장판) - SL Comic, 아크릴 스탠드 + 무지 노트 + 한정 일러스트 카드 2종 + 필름 책갈피 모쿠모쿠렌 (지은이), 송재희 (옮긴이)"
행복한 철학자,"화제의 책 + 알라딘 굿즈 (이벤트 도서 포함, 국내도서 3만5천원 이상) [국내도서] 행복한 철학자 - 개정증보판 우애령 (지은이), 엄유진 (그림)",하늘재,"2023년 11월 19,000 원 → 17,100원 ( 10% 할인),  마일리지 950 원 10.0 ( 12 )",https://www.aladin.co.kr/shop/wproduct.aspx?ItemId=328896567,,인공지능,,17100.0,10.0,,,2023-11-01,"화제의 책 + 알라딘 굿즈 (이벤트 도서 포함, 국내도서 3만5천원 이상) [국내도서] 행복한 철학자 - 개정증보판 우애령 (지은이), 엄유진 (그림)"
인생의 컨닝페이퍼,"6월 특별 선물. 도시락 보냉가방 ·
여름 와플 담요 (이벤트 도서 포함 국내서·외서 5만원 이상) [국내도서] 인생의 컨닝페이퍼 Choice 박종경 (지은이)",토네이도,"2025년 6월 19,000 원 → 17,100원 ( 10% 할인),  마일리지 950 원 9.8 ( 25 )",https://www.aladin.co.kr/shop/wproduct.aspx?ItemId=364596916,,인공지능,,17100.0,9.8,,,2025-06-01,"6월 특별 선물. 도시락 보냉가방 ·
여름 와플 담요 (이벤트 도서 포함 국내서·외서 5만원 이상) [국내도서] 인생의 컨닝페이퍼 Choice 박종경 (지은이)"
급류,"<급류> 하드커버 메모지 (<급류> 포함, 민음사 도서 2만원 이상) [국내도서] 급류 ㅣ 오늘의 젊은 작가 40 Choice 정대건 (지은이)",민음사,"2022년 12월 14,000 원 → 12,600원 ( 10% 할인),  마일리지 700 원 7.3 ( 86 )",https://www.aladin.co.kr/shop/wproduct.aspx?ItemId=307692409,,인공지능,,12600.0,7.3,,,2022-12-01,"<급류> 하드커버 메모지 (<급류> 포함, 민음사 도서 2만원 이상) [국내도서] 급류 ㅣ 오늘의 젊은 작가 40 Choice 정대건 (지은이)"
어쩌다 좋은 일이 생길지도,"요시타케 신스케 미니 요거트볼 (대상도서 1만 원 이상 구매 시) [국내도서] 어쩌다 좋은 일이 생길지도 Choice 요시타케 신스케 (지은이), 고향옥 (옮긴이)",주니어김영사,"2025년 5월 14,000 원 → 12,600원 ( 10% 할인),  마일리지 700 원 9.8 ( 84 )",https://www.aladin.co.kr/shop/wproduct.aspx?ItemId=362816848,,인공지능,,12600.0,9.8,,,2025-05-01,"요시타케 신스케 미니 요거트볼 (대상도서 1만 원 이상 구매 시) [국내도서] 어쩌다 좋은 일이 생길지도 Choice 요시타케 신스케 (지은이), 고향옥 (옮긴이)"
역사의 시선,"화제의 책 + 알라딘 굿즈 (이벤트 도서 포함, 국내도서 3만5천원 이상) [국내도서] 역사의 시선 - 역사학자 전우용의 시대 논설 전우용 (지은이)",삼인,"2025년 3월 19,000 원 → 17,100원 ( 10% 할인),  마일리지 950 원 10.0 ( 1 )",https://www.aladin.co.kr/shop/wproduct.aspx?ItemId=358900932,,인공지능,,17100.0,10.0,,,2025-03-01,"화제의 책 + 알라딘 굿즈 (이벤트 도서 포함, 국내도서 3만5천원 이상) [국내도서] 역사의 시선 - 역사학자 전우용의 시대 논설 전우용 (지은이)"
불멸의 유전자,"6월 특별 선물. 도시락 보냉가방 ·
여름 와플 담요 (이벤트 도서 포함 국내서·외서 5만원 이상) [국내도서] 불멸의 유전자 리처드 도킨스 (지은이), 야나 렌조바 (그림), 이한음 (옮긴이)",을유문화사,"2025년 5월 25,000 원 → 22,500원 ( 10% 할인),  마일리지 1,250 원 9.7 ( 31 )",https://www.aladin.co.kr/shop/wproduct.aspx?ItemId=364855899,,인공지능,,22500.0,9.7,,,2025-05-01,"6월 특별 선물. 도시락 보냉가방 ·
여름 와플 담요 (이벤트 도서 포함 국내서·외서 5만원 이상) [국내도서] 불멸의 유전자 리처드 도킨스 (지은이), 야나 렌조바 (그림), 이한음 (옮긴이)"
고래눈이 내리다,패브릭 책갈피(대상도서 포함 국내도서 2만 원 이상 구매시 선택) [국내도서] 고래눈이 내리다 Choice 김보영 (지은이),래빗홀,"2025년 5월 16,800 원 → 15,120원 ( 10% 할인),  마일리지 840 원 9.7 ( 19 )",https://www.aladin.co.kr/shop/wproduct.aspx?ItemId=364232445,,인공지능,,15120.0,9.7,,,2025-05-01,패브릭 책갈피(대상도서 포함 국내도서 2만 원 이상 구매시 선택) [국내도서] 고래눈이 내리다 Choice 김보영 (지은이)
부의 전략 수업,"화제의 책 + 알라딘 굿즈 (이벤트 도서 포함, 국내도서 3만5천원 이상) [국내도서] 부의 전략 수업 - 돈에 휘둘리지 않고 살아남는 15가지 시스템 폴 포돌스키 (지은이), 고영훈 (옮긴이)",필름(Feelm),"2025년 5월 19,800 원 → 17,820원 ( 10% 할인),  마일리지 990 원 9.3 ( 14 )",https://www.aladin.co.kr/shop/wproduct.aspx?ItemId=363252548,,인공지능,,17820.0,9.3,,,2025-05-01,"화제의 책 + 알라딘 굿즈 (이벤트 도서 포함, 국내도서 3만5천원 이상) [국내도서] 부의 전략 수업 - 돈에 휘둘리지 않고 살아남는 15가지 시스템 폴 포돌스키 (지은이), 고영훈 (옮긴이)"
우리는 왜 선물을 줄 때 기쁨을 느끼는가,"6월 특별 선물. 도시락 보냉가방 ·
여름 와플 담요 (이벤트 도서 포함 국내서·외서 5만원 이상) [국내도서] 우리는 왜 선물을 줄 때 기쁨을 느끼는가 - 자본주의의 빈틈을 메우는 증여의 철학 Choice 지카우치 유타 (지은이), 김영현 (옮긴이)",다다서재,"2025년 5월 18,000 원 → 16,200원 ( 10% 할인),  마일리지 900 원 10.0 ( 13 )",https://www.aladin.co.kr/shop/wproduct.aspx?ItemId=364284492,,인공지능,,16200.0,10.0,,,2025-05-01,"6월 특별 선물. 도시락 보냉가방 ·
여름 와플 담요 (이벤트 도서 포함 국내서·외서 5만원 이상) [국내도서] 우리는 왜 선물을 줄 때 기쁨을 느끼는가 - 자본주의의 빈틈을 메우는 증여의 철학 Choice 지카우치 유타 (지은이), 김영현 (옮긴이)"
같이 읽자는 고백,패브릭 북마크 [국내도서] 같이 읽자는 고백 - 십만 권의 책과 한 통의 마음 김소영 (지은이),이야기장수,"2025년 6월 18,500 원 → 16,650원 ( 10% 할인),  마일리지 920 원 세일즈포인트 : 14,550",https://www.aladin.co.kr/shop/wproduct.aspx?ItemId=366129130,,인공지능,,16650.0,,,,2025-06-01,패브릭 북마크 [국내도서] 같이 읽자는 고백 - 십만 권의 책과 한 통의 마음 김소영 (지은이)
채식주의자 (리마스터판),"금속 책갈피, 북슬리브 (한강 출간작 포함 국내도서 3만원 이상) [국내도서] 채식주의자 (리마스터판) - 2024 노벨문학상 수상작가 ㅣ 창비 리마스터 소설선 Choice 한강 (지은이)",창비,"2022년 3월 17,000 원 → 15,300원 ( 10% 할인),  마일리지 850 원 8.3 ( 175 )",https://www.aladin.co.kr/shop/wproduct.aspx?ItemId=291370219,,인공지능,,15300.0,8.3,,,2022-03-01,"금속 책갈피, 북슬리브 (한강 출간작 포함 국내도서 3만원 이상) [국내도서] 채식주의자 (리마스터판) - 2024 노벨문학상 수상작가 ㅣ 창비 리마스터 소설선 Choice 한강 (지은이)"
마법천자문 67,"시리즈 포스터 5탄(초한 한정/책과 랩핑) [국내도서] 마법천자문 67 - 싸움의 계획을 세우다! 작전(作戰) ㅣ 손오공의 한자 대탐험 마법천자문 67 알에스미디어 (지은이), 정수영 (그림), 강용철 (감수)",아울북,"2025년 6월 15,800 원 → 14,220원 ( 10% 할인),  마일리지 790 원 세일즈포인트 : 14,510",https://www.aladin.co.kr/shop/wproduct.aspx?ItemId=366115646,,인공지능,,14220.0,,,,2025-06-01,"시리즈 포스터 5탄(초한 한정/책과 랩핑) [국내도서] 마법천자문 67 - 싸움의 계획을 세우다! 작전(作戰) ㅣ 손오공의 한자 대탐험 마법천자문 67 알에스미디어 (지은이), 정수영 (그림), 강용철 (감수)"
바움가트너,"바움가트너 티셔츠(대상도서 포함 소설/시/희곡 2만 원 이상 구매 시 택1) [국내도서] 바움가트너 폴 오스터 (지은이), 정영목 (옮긴이)",열린책들,"2025년 4월 17,800 원 → 16,020원 ( 10% 할인),  마일리지 890 원 9.7 ( 147 )",https://www.aladin.co.kr/shop/wproduct.aspx?ItemId=362362895,,인공지능,,16020.0,9.7,,,2025-04-01,"바움가트너 티셔츠(대상도서 포함 소설/시/희곡 2만 원 이상 구매 시 택1) [국내도서] 바움가트너 폴 오스터 (지은이), 정영목 (옮긴이)"
작별하지 않는다,"<작별하지 않는다> 동백꽃 배지 [국내도서] 작별하지 않는다 - 2024 노벨문학상 수상작가, 한강 장편소설 Choice 한강 (지은이)",문학동네,"2021년 9월 16,800 원 → 15,120원 ( 10% 할인),  마일리지 840 원 9.0 ( 277 )",https://www.aladin.co.kr/shop/wproduct.aspx?ItemId=278770576,,인공지능,,15120.0,9.0,,,2021-09-01,"<작별하지 않는다> 동백꽃 배지 [국내도서] 작별하지 않는다 - 2024 노벨문학상 수상작가, 한강 장편소설 Choice 한강 (지은이)"
블루 록 : Episode 나기 6,"[국내도서] 블루 록 : Episode 나기 6 산노미야 코타 (지은이), 카네시로 무네유키 (원작), 노무라 유스케 (그림)",학산문화사(만화),"2025년 6월 6,000 원 → 5,400원 ( 10% 할인),  마일리지 300 원 세일즈포인트 : 10,160",https://www.aladin.co.kr/shop/wproduct.aspx?ItemId=365818322,,인공지능,,5400.0,,,,2025-06-01,"[국내도서] 블루 록 : Episode 나기 6 산노미야 코타 (지은이), 카네시로 무네유키 (원작), 노무라 유스케 (그림)"
행동은 불안을 이긴다,"화제의 책 + 알라딘 굿즈 (이벤트 도서 포함, 국내도서 3만5천원 이상) [국내도서] 행동은 불안을 이긴다 - 의지박약과 만성적 미루기에서 벗어나는 아주 작은 행동 설계 롭 다이얼 (지은이), 박영준 (옮긴이)",서삼독,"2025년 4월 20,000 원 → 18,000원 ( 10% 할인),  마일리지 1,000 원 8.9 ( 14 )",https://www.aladin.co.kr/shop/wproduct.aspx?ItemId=361967178,,인공지능,,18000.0,8.9,,,2025-04-01,"화제의 책 + 알라딘 굿즈 (이벤트 도서 포함, 국내도서 3만5천원 이상) [국내도서] 행동은 불안을 이긴다 - 의지박약과 만성적 미루기에서 벗어나는 아주 작은 행동 설계 롭 다이얼 (지은이), 박영준 (옮긴이)"
맞춤법 천재라면,"캐릭터 리무버블 스티커+부채(각 마일리지 차감) [국내도서] 맞춤법 천재라면 - 세기의 맞춤법 대결! 라면 팀 VS 편의점 팀 박정란 , 서재인 (지은이), 김기수 (그림)",슈크림북,"2025년 6월 15,000 원 → 13,500원 ( 10% 할인),  마일리지 750 원 10.0 ( 21 )",https://www.aladin.co.kr/shop/wproduct.aspx?ItemId=364436032,,인공지능,,13500.0,10.0,,,2025-06-01,"캐릭터 리무버블 스티커+부채(각 마일리지 차감) [국내도서] 맞춤법 천재라면 - 세기의 맞춤법 대결! 라면 팀 VS 편의점 팀 박정란 , 서재인 (지은이), 김기수 (그림)"
붙잡지 않는 삶,"화제의 책 + 알라딘 굿즈 (이벤트 도서 포함, 국내도서 3만5천원 이상) [국내도서] 붙잡지 않는 삶 - 생각과 감정 너머 존재에 닿는 안내서 에크하르트 톨레 (지은이), 서진 (엮은이), 루카 (옮긴이)",스노우폭스북스,"2025년 6월 19,800 원 → 17,820원 ( 10% 할인),  마일리지 990 원 9.9 ( 43 )",https://www.aladin.co.kr/shop/wproduct.aspx?ItemId=364961902,,인공지능,,17820.0,9.9,,,2025-06-01,"화제의 책 + 알라딘 굿즈 (이벤트 도서 포함, 국내도서 3만5천원 이상) [국내도서] 붙잡지 않는 삶 - 생각과 감정 너머 존재에 닿는 안내서 에크하르트 톨레 (지은이), 서진 (엮은이), 루카 (옮긴이)"
잿더미에서 희망의 불씨를,"[국내도서] 잿더미에서 희망의 불씨를 - 츠바이크의 예레미야 슈테판 츠바이크 (지은이), 김윤식 , 김영호 (옮긴이)",동연출판사,"2025년 6월 22,000 원 → 19,800원 ( 10% 할인),  마일리지 1,100 원 9.8 ( 8 )",https://www.aladin.co.kr/shop/wproduct.aspx?ItemId=363868589,,인공지능,,19800.0,9.8,,,2025-06-01,"[국내도서] 잿더미에서 희망의 불씨를 - 츠바이크의 예레미야 슈테판 츠바이크 (지은이), 김윤식 , 김영호 (옮긴이)"
해커스 토익 기출 VOCA (보카),데스크 매트.북엔드.클립보드 등(공무원.자격증.외국어.컴퓨터 구매 금액별 사은품) [국내도서] 해커스 토익 기출 VOCA (보카) - 주제별 연상암기로 토익 영단어 30일 완성! RC/LC 필수 토익 보카 [최신 기출 어휘+출제포인트 수록ㅣ단어암기 어플 제공] David Cho (지은이),해커스어학연구소(Hackers),"2024년 8월 12,900 원 → 11,610원 ( 10% 할인),  마일리지 640 원 9.1 ( 79 )",https://www.aladin.co.kr/shop/wproduct.aspx?ItemId=176021392,,인공지능,,11610.0,9.1,,,2024-08-01,데스크 매트.북엔드.클립보드 등(공무원.자격증.외국어.컴퓨터 구매 금액별 사은품) [국내도서] 해커스 토익 기출 VOCA (보카) - 주제별 연상암기로 토익 영단어 30일 완성! RC/LC 필수 토익 보카 [최신 기출 어휘+출제포인트 수록ㅣ단어암기 어플 제공] David Cho (지은이)
스토너,"6월 특별 선물. 도시락 보냉가방 ·
여름 와플 담요 (이벤트 도서 포함 국내서·외서 5만원 이상) [국내도서] 스토너 Choice 존 윌리엄스 (지은이), 김승욱 (옮긴이)",알에이치코리아(RHK),"2015년 1월 16,800 원 → 15,120원 ( 10% 할인),  마일리지 840 원 9.6 ( 687 )",https://www.aladin.co.kr/shop/wproduct.aspx?ItemId=51001915,,인공지능,,15120.0,9.6,,,2015-01-01,"6월 특별 선물. 도시락 보냉가방 ·
여름 와플 담요 (이벤트 도서 포함 국내서·외서 5만원 이상) [국내도서] 스토너 Choice 존 윌리엄스 (지은이), 김승욱 (옮긴이)"
박용우 박사의 스위치온 다이어트 레시피북,"6월 특별 선물. 도시락 보냉가방 ·
여름 와플 담요 (이벤트 도서 포함 국내서·외서 5만원 이상) [국내도서] 박용우 박사의 스위치온 다이어트 레시피북 박용우 , 김영아 (지은이)",루미너스,"2025년 5월 23,000 원 → 20,700원 ( 10% 할인),  마일리지 1,150 원 9.8 ( 11 )",https://www.aladin.co.kr/shop/wproduct.aspx?ItemId=363747369,,인공지능,,20700.0,9.8,,,2025-05-01,"6월 특별 선물. 도시락 보냉가방 ·
여름 와플 담요 (이벤트 도서 포함 국내서·외서 5만원 이상) [국내도서] 박용우 박사의 스위치온 다이어트 레시피북 박용우 , 김영아 (지은이)"
긴키 지방의 어느 장소에 대하여,"긴키 지방 취재 수첩 [국내도서] 긴키 지방의 어느 장소에 대하여 세스지 (지은이), 전선영 (옮긴이)",반타,"2025년 4월 16,800 원 → 15,120원 ( 10% 할인),  마일리지 840 원 8.3 ( 37 )",https://www.aladin.co.kr/shop/wproduct.aspx?ItemId=361603044,,인공지능,,15120.0,8.3,,,2025-04-01,"긴키 지방 취재 수첩 [국내도서] 긴키 지방의 어느 장소에 대하여 세스지 (지은이), 전선영 (옮긴이)"
식탐 해방,"건포도 수련법 하루 견과 [국내도서] 식탐 해방 - 살찌지 않는 뇌를 만드는 21일 식습관 혁명 저드슨 브루어 (지은이), 김보은 (옮긴이)",푸른숲,"2025년 5월 19,800 원 → 17,820원 ( 10% 할인),  마일리지 990 원 10.0 ( 24 )",https://www.aladin.co.kr/shop/wproduct.aspx?ItemId=363746084,,인공지능,,17820.0,10.0,,,2025-05-01,"건포도 수련법 하루 견과 [국내도서] 식탐 해방 - 살찌지 않는 뇌를 만드는 21일 식습관 혁명 저드슨 브루어 (지은이), 김보은 (옮긴이)"
매듭의 끝,형사 수첩 [국내도서] 매듭의 끝 Choice 정해연 (지은이),현대문학,"2025년 5월 16,800 원 → 15,120원 ( 10% 할인),  마일리지 840 원 9.9 ( 14 )",https://www.aladin.co.kr/shop/wproduct.aspx?ItemId=364912420,,인공지능,,15120.0,9.9,,,2025-05-01,형사 수첩 [국내도서] 매듭의 끝 Choice 정해연 (지은이)
오역하는 말들,저자 친필 사인이 인쇄된 안경트레이&안경닦이 세트 [국내도서] 오역하는 말들 - 황석희 에세이 Choice 황석희 (지은이),북다,"2025년 5월 16,800 원 → 15,120원 ( 10% 할인),  마일리지 840 원 9.7 ( 13 )",https://www.aladin.co.kr/shop/wproduct.aspx?ItemId=364223669,,인공지능,,15120.0,9.7,,,2025-05-01,저자 친필 사인이 인쇄된 안경트레이&안경닦이 세트 [국내도서] 오역하는 말들 - 황석희 에세이 Choice 황석희 (지은이)
어른의 행복은 조용하다 (어나더커버),단독 판매. 투명 북마크 1종 [국내도서] 어른의 행복은 조용하다 (어나더커버) Choice 태수 (지은이),페이지2(page2),"2024년 11월 17,800 원 → 16,020원 ( 10% 할인),  마일리지 890 원 9.2 ( 41 )",https://www.aladin.co.kr/shop/wproduct.aspx?ItemId=362366971,,인공지능,,16020.0,9.2,,,2024-11-01,단독 판매. 투명 북마크 1종 [국내도서] 어른의 행복은 조용하다 (어나더커버) Choice 태수 (지은이)
윤슬의 바다,"화제의 책 + 알라딘 굿즈 (이벤트 도서 포함, 국내도서 3만5천원 이상) [국내도서] 윤슬의 바다 - 백은별 소설 백은별 (지은이)",바른북스,"2025년 5월 15,000 원 → 13,500원 ( 10% 할인),  마일리지 750 원 10.0 ( 1 )",https://www.aladin.co.kr/shop/wproduct.aspx?ItemId=365657250,,인공지능,,13500.0,10.0,,,2025-05-01,"화제의 책 + 알라딘 굿즈 (이벤트 도서 포함, 국내도서 3만5천원 이상) [국내도서] 윤슬의 바다 - 백은별 소설 백은별 (지은이)"
푸른 상자 18 (더블특전판),[국내도서] 푸른 상자 18 (더블특전판) 미우라 코우지 (지은이),학산문화사(만화),"2025년 6월 6,000 원 → 5,400원 ( 10% 할인),  마일리지 300 원 10.0 ( 2 )",https://www.aladin.co.kr/shop/wproduct.aspx?ItemId=365661760,,인공지능,,5400.0,10.0,,,2025-06-01,[국내도서] 푸른 상자 18 (더블특전판) 미우라 코우지 (지은이)
우리의 낙원에서 만나자,미니 CD 키링 (NFC 태그 방식) [국내도서] 우리의 낙원에서 만나자 - 이 계절을 함께 건너는 당신에게 하태완 (지은이),북로망스,"2025년 5월 19,500 원 → 17,550원 ( 10% 할인),  마일리지 970 원 9.8 ( 71 )",https://www.aladin.co.kr/shop/wproduct.aspx?ItemId=363874338,,인공지능,,17550.0,9.8,,,2025-05-01,미니 CD 키링 (NFC 태그 방식) [국내도서] 우리의 낙원에서 만나자 - 이 계절을 함께 건너는 당신에게 하태완 (지은이)
어서 오세요 실력지상주의 교실에 2학년 편 12.5,"초판 부록 : 책갈피, 쇼트스토리 [국내도서] 어서 오세요 실력지상주의 교실에 2학년 편 12.5 - S Novel 키누가사 쇼고 (지은이), 토모세 슌사쿠 (그림), 조민정 (옮긴이)",㈜소미미디어,"2025년 6월 8,500 원 → 7,650원 ( 10% 할인),  마일리지 420 원 10.0 ( 2 )",https://www.aladin.co.kr/shop/wproduct.aspx?ItemId=365866640,,인공지능,,7650.0,10.0,,,2025-06-01,"초판 부록 : 책갈피, 쇼트스토리 [국내도서] 어서 오세요 실력지상주의 교실에 2학년 편 12.5 - S Novel 키누가사 쇼고 (지은이), 토모세 슌사쿠 (그림), 조민정 (옮긴이)"
긴 투쟁 귀한 삶,"[국내도서] 긴 투쟁 귀한 삶 - 동일방직 여성노동자 50년 투쟁의 기록 양돌규 , 정경원 (지은이)",한내,"2025년 6월 28,000 원 → 25,200원 ( 10% 할인),  마일리지 1,400 원 10.0 ( 2 )",https://www.aladin.co.kr/shop/wproduct.aspx?ItemId=364035535,,인공지능,,25200.0,10.0,,,2025-06-01,"[국내도서] 긴 투쟁 귀한 삶 - 동일방직 여성노동자 50년 투쟁의 기록 양돌규 , 정경원 (지은이)"
켄투리아 1 (더블특전판),한정 수량: 컬러 일러스트 카드 + 작가 친필 메시지 카드 / 투명 북마크 (만화 1만 5천원 이상) [국내도서] 켄투리아 1 (더블특전판) - 컬러 일러스트 카드 + 작가 친필 메시지 카드 쿠라모리 토오루 (지은이),학산문화사(만화),"2025년 6월 6,000 원 → 5,400원 ( 10% 할인),  마일리지 300 원 세일즈포인트 : 8,770",https://www.aladin.co.kr/shop/wproduct.aspx?ItemId=365818434,,인공지능,,5400.0,,,,2025-06-01,한정 수량: 컬러 일러스트 카드 + 작가 친필 메시지 카드 / 투명 북마크 (만화 1만 5천원 이상) [국내도서] 켄투리아 1 (더블특전판) - 컬러 일러스트 카드 + 작가 친필 메시지 카드 쿠라모리 토오루 (지은이)
한밤중 하트튠 5,수량 한정 특전: PET 일러스트 카드 [국내도서] 한밤중 하트튠 5 이가라시 마사쿠니 (지은이),학산문화사(만화),"2025년 6월 6,000 원 → 5,400원 ( 10% 할인),  마일리지 300 원 세일즈포인트 : 8,210",https://www.aladin.co.kr/shop/wproduct.aspx?ItemId=365818712,,인공지능,,5400.0,,,,2025-06-01,수량 한정 특전: PET 일러스트 카드 [국내도서] 한밤중 하트튠 5 이가라시 마사쿠니 (지은이)
일억 번째 여름 (양장),투명 책갈피 [국내도서] 일억 번째 여름 (양장) ㅣ 소설Y Choice 청예 (지은이),창비,"2025년 5월 16,000 원 → 14,400원 ( 10% 할인),  마일리지 800 원 9.7 ( 49 )",https://www.aladin.co.kr/shop/wproduct.aspx?ItemId=364226955,,인공지능,,14400.0,9.7,,,2025-05-01,투명 책갈피 [국내도서] 일억 번째 여름 (양장) ㅣ 소설Y Choice 청예 (지은이)
2025 문동균 한국사 지방직 대비 실전 봉투모의고사,독서대(공무원 수험서 2만원 이상) [국내도서] 2025 문동균 한국사 지방직 대비 실전 봉투모의고사 문동균 (지은이),에스티유니타스,"2025년 4월 12,000 원 → 10,800원 ( 10% 할인),  마일리지 120 원 세일즈포인트 : 29,850",https://www.aladin.co.kr/shop/wproduct.aspx?ItemId=361956647,,인공지능,,10800.0,,,,2025-04-01,독서대(공무원 수험서 2만원 이상) [국내도서] 2025 문동균 한국사 지방직 대비 실전 봉투모의고사 문동균 (지은이)
어린이는 멀리 간다,"금요일의 북클럽 리미티드 굿즈(대상도서 포함, 국내서 25,000원 이상) [국내도서] 어린이는 멀리 간다 Choice 김지은 (지은이)",창비,"2025년 5월 16,800 원 → 15,120원 ( 10% 할인),  마일리지 840 원 9.9 ( 36 )",https://www.aladin.co.kr/shop/wproduct.aspx?ItemId=362565901,,인공지능,,15120.0,9.9,,,2025-05-01,"금요일의 북클럽 리미티드 굿즈(대상도서 포함, 국내서 25,000원 이상) [국내도서] 어린이는 멀리 간다 Choice 김지은 (지은이)"
고백해도 되는 타이밍,<고백해도 되는 타이밍> 메모 패드 [국내도서] 고백해도 되는 타이밍 ㅣ 우리학교 소설 읽는 시간 Choice 황영미 (지은이),우리학교,"2025년 5월 14,000 원 → 12,600원 ( 10% 할인),  마일리지 700 원 10.0 ( 67 )",https://www.aladin.co.kr/shop/wproduct.aspx?ItemId=364433879,,인공지능,,12600.0,10.0,,,2025-05-01,<고백해도 되는 타이밍> 메모 패드 [국내도서] 고백해도 되는 타이밍 ㅣ 우리학교 소설 읽는 시간 Choice 황영미 (지은이)
넥서스,"패브릭 금박 노트 (대상도서 포함 국내도서 3만원 이상) [국내도서] 넥서스 - 석기시대부터 AI까지, 정보 네트워크로 보는 인류 역사 유발 하라리 (지은이), 김명주 (옮긴이)",김영사,"2024년 10월 27,800 원 → 25,020원 ( 10% 할인),  마일리지 1,390 원 8.4 ( 43 )",https://www.aladin.co.kr/shop/wproduct.aspx?ItemId=349172323,,인공지능,,25020.0,8.4,,,2024-10-01,"패브릭 금박 노트 (대상도서 포함 국내도서 3만원 이상) [국내도서] 넥서스 - 석기시대부터 AI까지, 정보 네트워크로 보는 인류 역사 유발 하라리 (지은이), 김명주 (옮긴이)"
진혼기 세트 - 전5권,"화제의 책 + 알라딘 굿즈 (이벤트 도서 포함, 국내도서 3만5천원 이상) [국내도서] 진혼기 세트 - 전5권 - 도서(양장본 5권, 이중표지 5종, 북케이스) + 굿즈(설정집, 엽서 6종, 스티커팩) 정연 (지은이)",바니앤드래곤,"2025년 6월 125,000 원 → 112,500원 ( 10% 할인),  마일리지 6,250 원 10.0 ( 1 )",https://www.aladin.co.kr/shop/wproduct.aspx?ItemId=365684499,,인공지능,,112500.0,10.0,,,2025-06-01,"화제의 책 + 알라딘 굿즈 (이벤트 도서 포함, 국내도서 3만5천원 이상) [국내도서] 진혼기 세트 - 전5권 - 도서(양장본 5권, 이중표지 5종, 북케이스) + 굿즈(설정집, 엽서 6종, 스티커팩) 정연 (지은이)"
홍학의 자리,"화제의 책 + 알라딘 굿즈 (이벤트 도서 포함, 국내도서 3만5천원 이상) [국내도서] 홍학의 자리 Choice 정해연 (지은이)",엘릭시르,"2021년 7월 14,000 원 → 12,600원 ( 10% 할인),  마일리지 700 원 7.3 ( 168 )",https://www.aladin.co.kr/shop/wproduct.aspx?ItemId=275879438,,인공지능,,12600.0,7.3,,,2021-07-01,"화제의 책 + 알라딘 굿즈 (이벤트 도서 포함, 국내도서 3만5천원 이상) [국내도서] 홍학의 자리 Choice 정해연 (지은이)"
2025 신광은 형사법 1개년+a(최신기출) 최신판례 선택형 / OX,"[국내도서] 2025 신광은 형사법 1개년+a(최신기출) 최신판례 선택형 / OX - 형법/형사소송법, 개정판 신광은 (지은이)",느루(미래인재컴퍼니),"2025년 6월 15,000 원 → 13,500원 ( 10% 할인),  마일리지 150 원 세일즈포인트 : 7,570",https://www.aladin.co.kr/shop/wproduct.aspx?ItemId=365816059,,인공지능,,13500.0,,,,2025-06-01,"[국내도서] 2025 신광은 형사법 1개년+a(최신기출) 최신판례 선택형 / OX - 형법/형사소송법, 개정판 신광은 (지은이)"
학생회에도 구멍은 있다! 9,"초판한정 일러스트 카드 2장 [국내도서] 학생회에도 구멍은 있다! 9 - S코믹스 ㅣ S코믹스 무치마로 (지은이), 옷무 (옮긴이)",㈜소미미디어,"2025년 6월 6,000 원 → 5,400원 ( 10% 할인),  마일리지 300 원 세일즈포인트 : 15,580",https://www.aladin.co.kr/shop/wproduct.aspx?ItemId=365049502,,인공지능,,5400.0,,,,2025-06-01,"초판한정 일러스트 카드 2장 [국내도서] 학생회에도 구멍은 있다! 9 - S코믹스 ㅣ S코믹스 무치마로 (지은이), 옷무 (옮긴이)"
네가 봄에 써야지 속으로 생각했던,초판 한정 : 투명 책갈피 (도서 내 삽지) [국내도서] 네가 봄에 써야지 속으로 생각했던 ㅣ 아침달 시집 50 Choice 심보선 (지은이),아침달,"2025년 6월 12,000 원 → 10,800원 ( 10% 할인),  마일리지 600 원 세일즈포인트 : 8,340",https://www.aladin.co.kr/shop/wproduct.aspx?ItemId=365890739,,인공지능,,10800.0,,,,2025-06-01,초판 한정 : 투명 책갈피 (도서 내 삽지) [국내도서] 네가 봄에 써야지 속으로 생각했던 ㅣ 아침달 시집 50 Choice 심보선 (지은이)
타워 던전 1,[국내도서] 타워 던전 1 니헤이 츠토무 (지은이),학산문화사(만화),"2025년 6월 7,000 원 → 6,300원 ( 10% 할인),  마일리지 350 원 10.0 ( 3 )",https://www.aladin.co.kr/shop/wproduct.aspx?ItemId=365659712,,인공지능,,6300.0,10.0,,,2025-06-01,[국내도서] 타워 던전 1 니헤이 츠토무 (지은이)
명화와 향수,<명화와 향수> 노인호 북토크 (6월 27일(금) 오후 7시) [국내도서] 명화와 향수 - 걸작의 캔버스에 아로새긴 향기들 노인호 (지은이),아멜리에북스,"2025년 6월 30,000 원 → 27,000원 ( 10% 할인),  마일리지 1,500 원 10.0 ( 9 )",https://www.aladin.co.kr/shop/wproduct.aspx?ItemId=363896723,,인공지능,,27000.0,10.0,,,2025-06-01,<명화와 향수> 노인호 북토크 (6월 27일(금) 오후 7시) [국내도서] 명화와 향수 - 걸작의 캔버스에 아로새긴 향기들 노인호 (지은이)
파과 (리커버),위즈덤하우스 로고 머그 · 플립 노트 (대상 도서 구매 시) [국내도서] 파과 (리커버) Choice 구병모 (지은이),위즈덤하우스,"2018년 4월 15,800 원 → 14,220원 ( 10% 할인),  마일리지 790 원 8.6 ( 134 )",https://www.aladin.co.kr/shop/wproduct.aspx?ItemId=337280601,,인공지능,,14220.0,8.6,,,2018-04-01,위즈덤하우스 로고 머그 · 플립 노트 (대상 도서 구매 시) [국내도서] 파과 (리커버) Choice 구병모 (지은이)
쇼펜하우어 인생수업 : 한 번뿐인 삶 이렇게 살아라 (리커버 에디션),"화제의 책 + 알라딘 굿즈 (이벤트 도서 포함, 국내도서 3만5천원 이상) [국내도서] 쇼펜하우어 인생수업 : 한 번뿐인 삶 이렇게 살아라 (리커버 에디션) ㅣ 인생수업 아르투어 쇼펜하우어 (지은이), 김지민 (엮은이)",하이스트,"2024년 2월 17,500 원 → 15,750원 ( 10% 할인),  마일리지 870 원 8.0 ( 22 )",https://www.aladin.co.kr/shop/wproduct.aspx?ItemId=334640309,,인공지능,,15750.0,8.0,,,2024-02-01,"화제의 책 + 알라딘 굿즈 (이벤트 도서 포함, 국내도서 3만5천원 이상) [국내도서] 쇼펜하우어 인생수업 : 한 번뿐인 삶 이렇게 살아라 (리커버 에디션) ㅣ 인생수업 아르투어 쇼펜하우어 (지은이), 김지민 (엮은이)"
블루 록 32 (한정판),"화제의 책 + 알라딘 굿즈 (이벤트 도서 포함, 국내도서 3만5천원 이상) [국내도서] 블루 록 32 (한정판) - 아크릴 스탠드 + 일러스트카드 2매 노무라 유스케 (지은이), 카네시로 무네유키 (원작)",학산문화사(만화),"2025년 6월 20,000 원 → 18,000원 ( 10% 할인),  마일리지 1,000 원 세일즈포인트 : 6,570",https://www.aladin.co.kr/shop/wproduct.aspx?ItemId=365818005,,인공지능,,18000.0,,,,2025-06-01,"화제의 책 + 알라딘 굿즈 (이벤트 도서 포함, 국내도서 3만5천원 이상) [국내도서] 블루 록 32 (한정판) - 아크릴 스탠드 + 일러스트카드 2매 노무라 유스케 (지은이), 카네시로 무네유키 (원작)"
비밀 The Top Secret season 0 시즌 제로 12,"[국내도서] 비밀 The Top Secret season 0 시즌 제로 12 시미즈 레이코 (지은이), 오경화 (옮긴이)",서울미디어코믹스(서울문화사),"2025년 6월 7,000 원 → 6,300원 ( 10% 할인),  마일리지 350 원 8.0 ( 1 )",https://www.aladin.co.kr/shop/wproduct.aspx?ItemId=365842520,,인공지능,,6300.0,8.0,,,2025-06-01,"[국내도서] 비밀 The Top Secret season 0 시즌 제로 12 시미즈 레이코 (지은이), 오경화 (옮긴이)"
2026 문동균 한국사 한 권으로 모든 것을 정리하는 판서노트 (한정판),[국내도서] 2026 문동균 한국사 한 권으로 모든 것을 정리하는 판서노트 (한정판) 문동균 (지은이),에스티유니타스,"2025년 6월 17,000 원 → 15,300원 ( 10% 할인),  마일리지 170 원 세일즈포인트 : 8,190",https://www.aladin.co.kr/shop/wproduct.aspx?ItemId=365420144,,인공지능,,15300.0,,,,2025-06-01,[국내도서] 2026 문동균 한국사 한 권으로 모든 것을 정리하는 판서노트 (한정판) 문동균 (지은이)
김재우의 기초 영어회화 100,데스크 매트.북엔드.클립보드 등(공무원.자격증.외국어.컴퓨터 구매 금액별 사은품) [국내도서] 김재우의 기초 영어회화 100 - 원어민처럼 자연스러운 영어 말하기 첫걸음 ㅣ 김재우의 영어회화 시리즈 김재우 (지은이),상상스퀘어,"2024년 12월 18,900 원 → 17,010원 ( 10% 할인),  마일리지 940 원 10.0 ( 2 )",https://www.aladin.co.kr/shop/wproduct.aspx?ItemId=353238637,,인공지능,,17010.0,10.0,,,2024-12-01,데스크 매트.북엔드.클립보드 등(공무원.자격증.외국어.컴퓨터 구매 금액별 사은품) [국내도서] 김재우의 기초 영어회화 100 - 원어민처럼 자연스러운 영어 말하기 첫걸음 ㅣ 김재우의 영어회화 시리즈 김재우 (지은이)
별의 커비 울트라 슈퍼 푸푸푸 히어로 2,"피너츠 다용도 파우치(4종 중 택1, 대상도서 1권 포함, 어린이 분야 15,000원 이상) [국내도서] 별의 커비 울트라 슈퍼 푸푸푸 히어로 2 - 도팡 일당과 환상의 방울! ㅣ 별의 커비 푸푸푸 히어로 아오키 케이 , 미카마루 (지은이), 김지영 (옮긴이)",다산어린이,"2025년 6월 11,000 원 → 9,900원 ( 10% 할인),  마일리지 550 원 10.0 ( 1 )",https://www.aladin.co.kr/shop/wproduct.aspx?ItemId=365682358,,인공지능,,9900.0,10.0,,,2025-06-01,"피너츠 다용도 파우치(4종 중 택1, 대상도서 1권 포함, 어린이 분야 15,000원 이상) [국내도서] 별의 커비 울트라 슈퍼 푸푸푸 히어로 2 - 도팡 일당과 환상의 방울! ㅣ 별의 커비 푸푸푸 히어로 아오키 케이 , 미카마루 (지은이), 김지영 (옮긴이)"
단 3개의 미국 ETF로 은퇴하라,"화제의 책 + 알라딘 굿즈 (이벤트 도서 포함, 국내도서 3만5천원 이상) [국내도서] 단 3개의 미국 ETF로 은퇴하라 - 원하는 삶을 앞당기는 돈 자동 사냥 시스템 김지훈(포메뽀꼬) (지은이)",리더스북,"2025년 3월 19,800 원 → 17,820원 ( 10% 할인),  마일리지 990 원 9.9 ( 22 )",https://www.aladin.co.kr/shop/wproduct.aspx?ItemId=360948172,,인공지능,,17820.0,9.9,,,2025-03-01,"화제의 책 + 알라딘 굿즈 (이벤트 도서 포함, 국내도서 3만5천원 이상) [국내도서] 단 3개의 미국 ETF로 은퇴하라 - 원하는 삶을 앞당기는 돈 자동 사냥 시스템 김지훈(포메뽀꼬) (지은이)"
블루 록 32,"[국내도서] 블루 록 32 노무라 유스케 (지은이), 카네시로 무네유키 (원작)",학산문화사(만화),"2025년 6월 6,000 원 → 5,400원 ( 10% 할인),  마일리지 300 원 세일즈포인트 : 6,940",https://www.aladin.co.kr/shop/wproduct.aspx?ItemId=365818197,,인공지능,,5400.0,,,,2025-06-01,"[국내도서] 블루 록 32 노무라 유스케 (지은이), 카네시로 무네유키 (원작)"
설민석의 한국사 대모험 33,"설쌤 스티키 체크 리스트/설쌤 리무버블 스티커 2매 (2종 중 택1, 대상도서 1만 원 이상 구매 시) [국내도서] 설민석의 한국사 대모험 33 - 광해군 편 : 두 얼굴의 왕 ㅣ 설민석의 한국사 대모험 33 설민석 , 남이담 (지은이), 정현희 (그림), 강석화 (감수)",단꿈아이,"2025년 5월 14,000 원 → 12,600원 ( 10% 할인),  마일리지 700 원 10.0 ( 4 )",https://www.aladin.co.kr/shop/wproduct.aspx?ItemId=364706751,,인공지능,,12600.0,10.0,,,2025-05-01,"설쌤 스티키 체크 리스트/설쌤 리무버블 스티커 2매 (2종 중 택1, 대상도서 1만 원 이상 구매 시) [국내도서] 설민석의 한국사 대모험 33 - 광해군 편 : 두 얼굴의 왕 ㅣ 설민석의 한국사 대모험 33 설민석 , 남이담 (지은이), 정현희 (그림), 강석화 (감수)"
이처럼 사소한 것들,"화제의 책 + 알라딘 굿즈 (이벤트 도서 포함, 국내도서 3만5천원 이상) [국내도서] 이처럼 사소한 것들 클레어 키건 (지은이), 홍한별 (옮긴이)",다산책방,"2023년 11월 13,800 원 → 12,420원 ( 10% 할인),  마일리지 690 원 9.1 ( 220 )",https://www.aladin.co.kr/shop/wproduct.aspx?ItemId=329386807,,인공지능,,12420.0,9.1,,,2023-11-01,"화제의 책 + 알라딘 굿즈 (이벤트 도서 포함, 국내도서 3만5천원 이상) [국내도서] 이처럼 사소한 것들 클레어 키건 (지은이), 홍한별 (옮긴이)"
왓츠 유어 드림,"화제의 책 + 알라딘 굿즈 (이벤트 도서 포함, 국내도서 3만5천원 이상) [국내도서] 왓츠 유어 드림 - 인생을 뒤바꾸는 단 하나의 질문 사이먼 스큅 (지은이), 최인하 (옮긴이)",북파머스,"2025년 6월 22,000 원 → 19,800원 ( 10% 할인),  마일리지 1,100 원 10.0 ( 20 )",https://www.aladin.co.kr/shop/wproduct.aspx?ItemId=364723142,,인공지능,,19800.0,10.0,,,2025-06-01,"화제의 책 + 알라딘 굿즈 (이벤트 도서 포함, 국내도서 3만5천원 이상) [국내도서] 왓츠 유어 드림 - 인생을 뒤바꾸는 단 하나의 질문 사이먼 스큅 (지은이), 최인하 (옮긴이)"
일과 성공의 길을 묻다,"[국내도서] 일과 성공의 길을 묻다 - 경영의 신 마쓰시타 고노스케에게 마쓰시타 고노스케 (지은이), 김정환 (옮긴이), PHP 종합 연구소 (기획)",지니의서재,"2025년 6월 17,800 원 → 16,020원 ( 10% 할인),  마일리지 890 원 10.0 ( 1 )",https://www.aladin.co.kr/shop/wproduct.aspx?ItemId=365444335,,인공지능,,16020.0,10.0,,,2025-06-01,"[국내도서] 일과 성공의 길을 묻다 - 경영의 신 마쓰시타 고노스케에게 마쓰시타 고노스케 (지은이), 김정환 (옮긴이), PHP 종합 연구소 (기획)"
탁월하게 서글픈 자의식,캔뱃지 2종 세트 [국내도서] 탁월하게 서글픈 자의식 박참새 (지은이),마음산책,"2025년 6월 17,000 원 → 15,300원 ( 10% 할인),  마일리지 850 원 8.5 ( 4 )",https://www.aladin.co.kr/shop/wproduct.aspx?ItemId=365675511,,인공지능,,15300.0,8.5,,,2025-06-01,캔뱃지 2종 세트 [국내도서] 탁월하게 서글픈 자의식 박참새 (지은이)
나는 소망한다 내게 금지된 것을,"화제의 책 + 알라딘 굿즈 (이벤트 도서 포함, 국내도서 3만5천원 이상) [국내도서] 나는 소망한다 내게 금지된 것을 양귀자 (지은이)",쓰다,"2019년 4월 15,000 원 → 13,500원 ( 10% 할인),  마일리지 750 원 9.6 ( 61 )",https://www.aladin.co.kr/shop/wproduct.aspx?ItemId=189365205,,인공지능,,13500.0,9.6,,,2019-04-01,"화제의 책 + 알라딘 굿즈 (이벤트 도서 포함, 국내도서 3만5천원 이상) [국내도서] 나는 소망한다 내게 금지된 것을 양귀자 (지은이)"
아이들의 집,정보라 사인 자수 손수건 [국내도서] 아이들의 집 Choice 정보라 (지은이),열림원,"2025년 5월 17,000 원 → 15,300원 ( 10% 할인),  마일리지 850 원 9.8 ( 25 )",https://www.aladin.co.kr/shop/wproduct.aspx?ItemId=364872250,,인공지능,,15300.0,9.8,,,2025-05-01,정보라 사인 자수 손수건 [국내도서] 아이들의 집 Choice 정보라 (지은이)
읽으면서 바로 써먹는 어린이 초등 교과 어휘,"캐릭터 더블 키링(3종 중 택1, 대상도서 1권 이상) [국내도서] 읽으면서 바로 써먹는 어린이 초등 교과 어휘 ㅣ 맛있는 공부 67 한날 (지은이)",파란정원,"2025년 4월 13,000 원 → 11,700원 ( 10% 할인),  마일리지 650 원 9.7 ( 7 )",https://www.aladin.co.kr/shop/wproduct.aspx?ItemId=362495757,,인공지능,,11700.0,9.7,,,2025-04-01,"캐릭터 더블 키링(3종 중 택1, 대상도서 1권 이상) [국내도서] 읽으면서 바로 써먹는 어린이 초등 교과 어휘 ㅣ 맛있는 공부 67 한날 (지은이)"
우리 마을에는 100마리가 살아요,[국내도서] 우리 마을에는 100마리가 살아요 민키 (지은이),풀과바람(영교출판),"2025년 6월 17,000 원 → 15,300원 ( 10% 할인),  마일리지 850 원 세일즈포인트 : 5,620",https://www.aladin.co.kr/shop/wproduct.aspx?ItemId=364993958,,인공지능,,15300.0,,,,2025-06-01,[국내도서] 우리 마을에는 100마리가 살아요 민키 (지은이)
최애의 아이 16,"일러스트 아크릴 블록 (16권 또는 컬러링북 포함 만화 분야 1.5만원 이상 구매 시) [국내도서] 최애의 아이 16 - 완결 아카사카 아카 (지은이), 요코야리 멘고 (그림)",대원씨아이(만화),"2025년 5월 7,900 원 → 7,110원 ( 10% 할인),  마일리지 390 원 4.4 ( 9 )",https://www.aladin.co.kr/shop/wproduct.aspx?ItemId=364653990,,인공지능,,7110.0,4.4,,,2025-05-01,"일러스트 아크릴 블록 (16권 또는 컬러링북 포함 만화 분야 1.5만원 이상 구매 시) [국내도서] 최애의 아이 16 - 완결 아카사카 아카 (지은이), 요코야리 멘고 (그림)"
설민석의 세계사 대모험 25,"설쌤 스티키 체크 리스트/설쌤 리무버블 스티커 2매 (2종 중 택1, 대상도서 1만 원 이상 구매 시) [국내도서] 설민석의 세계사 대모험 25 - 멕시코 편 : 태양의 나라 ㅣ 설민석의 세계사 대모험 25 설민석 , 김정욱 (지은이), 박성일 (그림), 정혜주 (감수)",단꿈아이,"2025년 6월 15,000 원 → 13,500원 ( 10% 할인),  마일리지 750 원 10.0 ( 2 )",https://www.aladin.co.kr/shop/wproduct.aspx?ItemId=365950501,,인공지능,,13500.0,10.0,,,2025-06-01,"설쌤 스티키 체크 리스트/설쌤 리무버블 스티커 2매 (2종 중 택1, 대상도서 1만 원 이상 구매 시) [국내도서] 설민석의 세계사 대모험 25 - 멕시코 편 : 태양의 나라 ㅣ 설민석의 세계사 대모험 25 설민석 , 김정욱 (지은이), 박성일 (그림), 정혜주 (감수)"
죽은 자에게 입이 있다,"페이퍼 인센스 (도서 구매 시 선택) [국내도서] 죽은 자에게 입이 있다 다카노 가즈아키 (지은이), 박춘상 (옮긴이)",황금가지,"2025년 6월 17,000 원 → 15,300원 ( 10% 할인),  마일리지 850 원 10.0 ( 2 )",https://www.aladin.co.kr/shop/wproduct.aspx?ItemId=365829686,,인공지능,,15300.0,10.0,,,2025-06-01,"페이퍼 인센스 (도서 구매 시 선택) [국내도서] 죽은 자에게 입이 있다 다카노 가즈아키 (지은이), 박춘상 (옮긴이)"
그녀를 지키다,"B tv 이동진의 파이아키아 추천도서 + 알라딘 굿즈 (이벤트 도서 포함 국내서 2만원 이상) [국내도서] 그녀를 지키다 장바티스트 앙드레아 (지은이), 정혜용 (옮긴이)",열린책들,"2025년 3월 22,000 원 → 19,800원 ( 10% 할인),  마일리지 1,100 원 9.8 ( 105 )",https://www.aladin.co.kr/shop/wproduct.aspx?ItemId=360727651,,인공지능,,19800.0,9.8,,,2025-03-01,"B tv 이동진의 파이아키아 추천도서 + 알라딘 굿즈 (이벤트 도서 포함 국내서 2만원 이상) [국내도서] 그녀를 지키다 장바티스트 앙드레아 (지은이), 정혜용 (옮긴이)"
서랍에 저녁을 넣어 두었다,"금속 책갈피, 북슬리브 (한강 출간작 포함 국내도서 3만원 이상) [국내도서] 서랍에 저녁을 넣어 두었다 - 2024 노벨문학상 수상작가 ㅣ 문학과지성 시인선 438 Choice 한강 (지은이)",문학과지성사,"2013년 11월 12,000 원 → 10,800원 ( 10% 할인),  마일리지 600 원 8.9 ( 104 )",https://www.aladin.co.kr/shop/wproduct.aspx?ItemId=33355947,,인공지능,,10800.0,8.9,,,2013-11-01,"금속 책갈피, 북슬리브 (한강 출간작 포함 국내도서 3만원 이상) [국내도서] 서랍에 저녁을 넣어 두었다 - 2024 노벨문학상 수상작가 ㅣ 문학과지성 시인선 438 Choice 한강 (지은이)"
영어로 문장 만들기 훈련 1차 임계점,데스크 매트.북엔드.클립보드 등(공무원.자격증.외국어.컴퓨터 구매 금액별 사은품) [국내도서] 영어로 문장 만들기 훈련 1차 임계점 ㅣ 영어로 문장 만들기 훈련 유은하 (지은이),사람in,"2024년 7월 22,000 원 → 19,800원 ( 10% 할인),  마일리지 1,100 원 8.0 ( 9 )",https://www.aladin.co.kr/shop/wproduct.aspx?ItemId=342920949,,인공지능,,19800.0,8.0,,,2024-07-01,데스크 매트.북엔드.클립보드 등(공무원.자격증.외국어.컴퓨터 구매 금액별 사은품) [국내도서] 영어로 문장 만들기 훈련 1차 임계점 ㅣ 영어로 문장 만들기 훈련 유은하 (지은이)
싯다르타,"6월 특별 선물. 도시락 보냉가방 ·
여름 와플 담요 (이벤트 도서 포함 국내서·외서 5만원 이상) [국내도서] 싯다르타 ㅣ 민음사 세계문학전집 58 헤르만 헤세 (지은이), 박병덕 (옮긴이)",민음사,"2002년 1월 8,000 원 → 7,200원 ( 10% 할인),  마일리지 400 원 9.1 ( 142 )",https://www.aladin.co.kr/shop/wproduct.aspx?ItemId=329596,,인공지능,,7200.0,9.1,,,2002-01-01,"6월 특별 선물. 도시락 보냉가방 ·
여름 와플 담요 (이벤트 도서 포함 국내서·외서 5만원 이상) [국내도서] 싯다르타 ㅣ 민음사 세계문학전집 58 헤르만 헤세 (지은이), 박병덕 (옮긴이)"
궤도,"궤도 스텐 머그(대상도서 포함 소설/시/희곡 2만 원 이상 구매 시 선택) [국내도서] 궤도 - 2024 부커상 수상작 서맨사 하비 (지은이), 송예슬 (옮긴이)",서해문집,"2025년 6월 17,000 원 → 15,300원 ( 10% 할인),  마일리지 850 원 10.0 ( 1 )",https://www.aladin.co.kr/shop/wproduct.aspx?ItemId=365990683,,인공지능,,15300.0,10.0,,,2025-06-01,"궤도 스텐 머그(대상도서 포함 소설/시/희곡 2만 원 이상 구매 시 선택) [국내도서] 궤도 - 2024 부커상 수상작 서맨사 하비 (지은이), 송예슬 (옮긴이)"
데일 카네기 내면성장론,"6월 특별 선물. 도시락 보냉가방 ·
여름 와플 담요 (이벤트 도서 포함 국내서·외서 5만원 이상) [국내도서] 데일 카네기 내면성장론 ㅣ 데일 카네기 초판 완역본 시리즈 데일 카네기 (지은이), 이종인 (옮긴이)",현대지성,"2025년 6월 16,900 원 → 15,210원 ( 10% 할인),  마일리지 840 원 10.0 ( 9 )",https://www.aladin.co.kr/shop/wproduct.aspx?ItemId=364687453,,인공지능,,15210.0,10.0,,,2025-06-01,"6월 특별 선물. 도시락 보냉가방 ·
여름 와플 담요 (이벤트 도서 포함 국내서·외서 5만원 이상) [국내도서] 데일 카네기 내면성장론 ㅣ 데일 카네기 초판 완역본 시리즈 데일 카네기 (지은이), 이종인 (옮긴이)"
예수님의 육성 도마복음,[국내도서] 예수님의 육성 도마복음 김용옥 (지은이),통나무,"2025년 6월 27,000 원 → 24,300원 ( 10% 할인),  마일리지 1,350 원 10.0 ( 2 )",https://www.aladin.co.kr/shop/wproduct.aspx?ItemId=365839686,,인공지능,,24300.0,10.0,,,2025-06-01,[국내도서] 예수님의 육성 도마복음 김용옥 (지은이)
요리를 한다는 것,식당 네오 로고 키캡 키링 [국내도서] 요리를 한다는 것 최강록 (지은이),클,"2025년 6월 18,000 원 → 16,200원 ( 10% 할인),  마일리지 900 원 세일즈포인트 : 8,490",https://www.aladin.co.kr/shop/wproduct.aspx?ItemId=365686101,,인공지능,,16200.0,,,,2025-06-01,식당 네오 로고 키캡 키링 [국내도서] 요리를 한다는 것 최강록 (지은이)
에필로그는 다정하게 씁니다,[국내도서] 에필로그는 다정하게 씁니다 - 나의 안녕에 무심했던 날들에 보내는 첫 다정 김영숙 (지은이),브로북스,"2025년 5월 16,800 원 → 15,120원 ( 10% 할인),  마일리지 840 원 10.0 ( 3 )",https://www.aladin.co.kr/shop/wproduct.aspx?ItemId=365953848,,인공지능,,15120.0,10.0,,,2025-05-01,[국내도서] 에필로그는 다정하게 씁니다 - 나의 안녕에 무심했던 날들에 보내는 첫 다정 김영숙 (지은이)
"다시, 몸으로","화제의 책 + 알라딘 굿즈 (이벤트 도서 포함, 국내도서 3만5천원 이상) [국내도서] 다시, 몸으로 Choice 김초엽 , 저우원 , 김청귤 , 청징보 , 천선란 , 왕칸위 (지은이), 김이삭 (옮긴이)",래빗홀,"2025년 6월 17,500 원 → 15,750원 ( 10% 할인),  마일리지 870 원 9.5 ( 4 )",https://www.aladin.co.kr/shop/wproduct.aspx?ItemId=365892830,,인공지능,,15750.0,9.5,,,2025-06-01,"화제의 책 + 알라딘 굿즈 (이벤트 도서 포함, 국내도서 3만5천원 이상) [국내도서] 다시, 몸으로 Choice 김초엽 , 저우원 , 김청귤 , 청징보 , 천선란 , 왕칸위 (지은이), 김이삭 (옮긴이)"
어차피 울 거라면 사랑이 좋아 4 (더블특전판),[국내도서] 어차피 울 거라면 사랑이 좋아 4 (더블특전판) - 포토 프레임 카드 + PET스탠드 쿠사카 아키 (지은이),학산문화사(만화),"2025년 6월 6,000 원 → 5,400원 ( 10% 할인),  마일리지 300 원 10.0 ( 2 )",https://www.aladin.co.kr/shop/wproduct.aspx?ItemId=365667929,,인공지능,,5400.0,10.0,,,2025-06-01,[국내도서] 어차피 울 거라면 사랑이 좋아 4 (더블특전판) - 포토 프레임 카드 + PET스탠드 쿠사카 아키 (지은이)
길다 이야기,"[국내도서] 길다 이야기 주웰 고메즈 (지은이), 안현주 (옮긴이)",구픽,"2025년 6월 18,800 원 → 16,920원 ( 10% 할인),  마일리지 940 원 10.0 ( 1 )",https://www.aladin.co.kr/shop/wproduct.aspx?ItemId=363014567,,인공지능,,16920.0,10.0,,,2025-06-01,"[국내도서] 길다 이야기 주웰 고메즈 (지은이), 안현주 (옮긴이)"
"2025 큰별쌤 최태성의 별★별한국사 기출 500제 한국사능력검정시험 심화 (1, 2, 3급)","데스크 매트.북엔드.클립보드 등(공무원.자격증.외국어.컴퓨터 구매 금액별 사은품) [국내도서] 2025 큰별쌤 최태성의 별★별한국사 기출 500제 한국사능력검정시험 심화 (1, 2, 3급) - 2025 시험 대비, 72~63회 수록 ㅣ 큰별쌤 최태성의 별★별한국사 한국사능력검정시험 시리즈 최태성 (지은이)",이투스북,"2024년 12월 19,500 원 → 17,550원 ( 10% 할인),  마일리지 970 원 세일즈포인트 : 74,103",https://www.aladin.co.kr/shop/wproduct.aspx?ItemId=354080547,,인공지능,,17550.0,,,,2024-12-01,"데스크 매트.북엔드.클립보드 등(공무원.자격증.외국어.컴퓨터 구매 금액별 사은품) [국내도서] 2025 큰별쌤 최태성의 별★별한국사 기출 500제 한국사능력검정시험 심화 (1, 2, 3급) - 2025 시험 대비, 72~63회 수록 ㅣ 큰별쌤 최태성의 별★별한국사 한국사능력검정시험 시리즈 최태성 (지은이)"
일본어 무작정 따라하기 완전판,데스크 매트.북엔드.클립보드 등(공무원.자격증.외국어.컴퓨터 구매 금액별 사은품) [국내도서] 일본어 무작정 따라하기 완전판 ㅣ 무작정 따라하기 일본어 후지이 아사리 (지은이),길벗이지톡,"2022년 8월 26,000 원 → 23,400원 ( 10% 할인),  마일리지 1,300 원 9.8 ( 13 )",https://www.aladin.co.kr/shop/wproduct.aspx?ItemId=298773222,,인공지능,,23400.0,9.8,,,2022-08-01,데스크 매트.북엔드.클립보드 등(공무원.자격증.외국어.컴퓨터 구매 금액별 사은품) [국내도서] 일본어 무작정 따라하기 완전판 ㅣ 무작정 따라하기 일본어 후지이 아사리 (지은이)
우리는 왜 그토록 많은 연인이 필요했을까,이규리 친필 사인본 [국내도서] 우리는 왜 그토록 많은 연인이 필요했을까 ㅣ 문학동네 시인선 234 Choice 이규리 (지은이),문학동네,"2025년 6월 12,000 원 → 10,800원 ( 10% 할인),  마일리지 600 원 9.0 ( 2 )",https://www.aladin.co.kr/shop/wproduct.aspx?ItemId=365663576,,인공지능,,10800.0,9.0,,,2025-06-01,이규리 친필 사인본 [국내도서] 우리는 왜 그토록 많은 연인이 필요했을까 ㅣ 문학동네 시인선 234 Choice 이규리 (지은이)
5無 교회가 온다,"화제의 책 + 알라딘 굿즈 (이벤트 도서 포함, 국내도서 3만5천원 이상) [국내도서] 5無 교회가 온다 - 십자가 없는 MZ교회의 등장 황인권 (지은이)",ikp,"2025년 6월 19,800 원 → 17,820원 ( 10% 할인),  마일리지 990 원 10.0 ( 1 )",https://www.aladin.co.kr/shop/wproduct.aspx?ItemId=365406577,,인공지능,,17820.0,10.0,,,2025-06-01,"화제의 책 + 알라딘 굿즈 (이벤트 도서 포함, 국내도서 3만5천원 이상) [국내도서] 5無 교회가 온다 - 십자가 없는 MZ교회의 등장 황인권 (지은이)"
긴긴밤,"<긴긴밤> 데스크 매트(대상도서 1권 포함, 국내서 15,000원 이상 구매 시) [국내도서] 긴긴밤 - 제21회 문학동네어린이문학상 대상 수상작 ㅣ 보름달문고 83 Choice 루리 (지은이)",문학동네,"2021년 2월 12,500 원 → 11,250원 ( 10% 할인),  마일리지 620 원 9.6 ( 272 )",https://www.aladin.co.kr/shop/wproduct.aspx?ItemId=263027170,,인공지능,,11250.0,9.6,,,2021-02-01,"<긴긴밤> 데스크 매트(대상도서 1권 포함, 국내서 15,000원 이상 구매 시) [국내도서] 긴긴밤 - 제21회 문학동네어린이문학상 대상 수상작 ㅣ 보름달문고 83 Choice 루리 (지은이)"
진짜 쓰는 실무 엑셀,"데스크 매트.북엔드.클립보드 등(공무원.자격증.외국어.컴퓨터 구매 금액별 사은품) [국내도서] 진짜 쓰는 실무 엑셀 - 유튜브 대표 엑셀 채널, 오빠두가 알려 주는 엑셀 함수, 보고서 작성, 데이터 분석 노하우! ㅣ 진짜 쓰는 시리즈 오빠두(전진권) (지은이)",제이펍,"2022년 2월 21,000 원 → 18,900원 ( 10% 할인),  마일리지 1,050 원 9.7 ( 29 )",https://www.aladin.co.kr/shop/wproduct.aspx?ItemId=288198356,,인공지능,,18900.0,9.7,,,2022-02-01,"데스크 매트.북엔드.클립보드 등(공무원.자격증.외국어.컴퓨터 구매 금액별 사은품) [국내도서] 진짜 쓰는 실무 엑셀 - 유튜브 대표 엑셀 채널, 오빠두가 알려 주는 엑셀 함수, 보고서 작성, 데이터 분석 노하우! ㅣ 진짜 쓰는 시리즈 오빠두(전진권) (지은이)"
빨간내복야코 어휘 절대 안 틀리는 책,"어휘 카드(초판 한정/책과 랩핑) [국내도서] 빨간내복야코 어휘 절대 안 틀리는 책 ㅣ 빨간내복야코 국어 3 빨간내복야코 (원작), 박종은 (글), 이영아 (그림), 샌드박스네트워크 (감수)",위즈덤하우스,"2025년 5월 14,000 원 → 12,600원 ( 10% 할인),  마일리지 700 원 10.0 ( 23 )",https://www.aladin.co.kr/shop/wproduct.aspx?ItemId=364851936,,인공지능,,12600.0,10.0,,,2025-05-01,"어휘 카드(초판 한정/책과 랩핑) [국내도서] 빨간내복야코 어휘 절대 안 틀리는 책 ㅣ 빨간내복야코 국어 3 빨간내복야코 (원작), 박종은 (글), 이영아 (그림), 샌드박스네트워크 (감수)"
2025 심우철 실전 동형 모의고사 Season 4,독서대(공무원 수험서 2만원 이상) [국내도서] 2025 심우철 실전 동형 모의고사 Season 4 - 신경향 지방직 영어 대비 봉투형 모의고사 ㅣ 2025 심우철 실전 동형 모의고사 심우철 (지은이),심슨북스,"2025년 5월 14,400 원 → 12,960원 ( 10% 할인),  마일리지 720 원 6.0 ( 1 )",https://www.aladin.co.kr/shop/wproduct.aspx?ItemId=363738623,,인공지능,,12960.0,6.0,,,2025-05-01,독서대(공무원 수험서 2만원 이상) [국내도서] 2025 심우철 실전 동형 모의고사 Season 4 - 신경향 지방직 영어 대비 봉투형 모의고사 ㅣ 2025 심우철 실전 동형 모의고사 심우철 (지은이)
대통령 윤석열 탄핵 사건 선고 결정문,대한민국은 민주공화국이다. [국내도서] 대통령 윤석열 탄핵 사건 선고 결정문 헌법재판소 (지은이),더휴먼,"2025년 4월 3,900 원 → 3,510원 ( 10% 할인),  마일리지 190 원 9.5 ( 32 )",https://www.aladin.co.kr/shop/wproduct.aspx?ItemId=361851129,,인공지능,,3510.0,9.5,,,2025-04-01,대한민국은 민주공화국이다. [국내도서] 대통령 윤석열 탄핵 사건 선고 결정문 헌법재판소 (지은이)
돈의 심리학 (30만 부 기념 스페셜 에디션),"인플루엔셜 브랜드전 + 유리 키링(대상도서 3만원 이상) [국내도서] 돈의 심리학 (30만 부 기념 스페셜 에디션) - 당신은 왜 부자가 되지 못했는가 모건 하우절 (지은이), 이지연 (옮긴이)",인플루엔셜(주),"2021년 1월 19,800 원 → 17,820원 ( 10% 할인),  마일리지 990 원 8.5 ( 42 )",https://www.aladin.co.kr/shop/wproduct.aspx?ItemId=328520781,,인공지능,,17820.0,8.5,,,2021-01-01,"인플루엔셜 브랜드전 + 유리 키링(대상도서 3만원 이상) [국내도서] 돈의 심리학 (30만 부 기념 스페셜 에디션) - 당신은 왜 부자가 되지 못했는가 모건 하우절 (지은이), 이지연 (옮긴이)"
단 한 줄만 내 마음에 새긴다고 해도,"화제의 책 + 알라딘 굿즈 (이벤트 도서 포함, 국내도서 3만5천원 이상) [국내도서] 단 한 줄만 내 마음에 새긴다고 해도 - 나민애의 인생 시 필사 노트 나민애 (지은이)",포레스트북스,"2025년 6월 23,800 원 → 21,420원 ( 10% 할인),  마일리지 1,190 원 10.0 ( 13 )",https://www.aladin.co.kr/shop/wproduct.aspx?ItemId=365272060,,인공지능,,21420.0,10.0,,,2025-06-01,"화제의 책 + 알라딘 굿즈 (이벤트 도서 포함, 국내도서 3만5천원 이상) [국내도서] 단 한 줄만 내 마음에 새긴다고 해도 - 나민애의 인생 시 필사 노트 나민애 (지은이)"
이기적 유전자,"데스크 매트.북엔드.클립보드 등(공무원.자격증.외국어.컴퓨터 구매 금액별 사은품) [국내도서] 이기적 유전자 Choice 리처드 도킨스 (지은이), 홍영남 , 이상임 (옮긴이)",을유문화사,"2018년 10월 20,000 원 → 18,000원 ( 10% 할인),  마일리지 1,000 원 8.3 ( 97 )",https://www.aladin.co.kr/shop/wproduct.aspx?ItemId=170482558,,인공지능,,18000.0,8.3,,,2018-10-01,"데스크 매트.북엔드.클립보드 등(공무원.자격증.외국어.컴퓨터 구매 금액별 사은품) [국내도서] 이기적 유전자 Choice 리처드 도킨스 (지은이), 홍영남 , 이상임 (옮긴이)"
문해력 격차,"어크로스 문해력 기획전. 인덱스 [국내도서] 문해력 격차 - 읽지 않는 아이는 어떻게 읽지 못하는 어른이 되는가 김지원 , 민정홍 (지은이)",어크로스,"2025년 5월 18,800 원 → 16,920원 ( 10% 할인),  마일리지 940 원 9.7 ( 6 )",https://www.aladin.co.kr/shop/wproduct.aspx?ItemId=364918942,,인공지능,,16920.0,9.7,,,2025-05-01,"어크로스 문해력 기획전. 인덱스 [국내도서] 문해력 격차 - 읽지 않는 아이는 어떻게 읽지 못하는 어른이 되는가 김지원 , 민정홍 (지은이)"
데일 카네기 인간관계론 (50만부 돌파 초판 무삭제 완역본),"화제의 책 + 알라딘 굿즈 (이벤트 도서 포함, 국내도서 3만5천원 이상) [국내도서] 데일 카네기 인간관계론 (50만부 돌파 초판 무삭제 완역본) ㅣ 데일 카네기 초판 완역본 시리즈 데일 카네기 (지은이), 임상훈 (옮긴이)",현대지성,"2019년 10월 11,500 원 → 10,350원 ( 10% 할인),  마일리지 570 원 9.3 ( 180 )",https://www.aladin.co.kr/shop/wproduct.aspx?ItemId=209457983,,인공지능,,10350.0,9.3,,,2019-10-01,"화제의 책 + 알라딘 굿즈 (이벤트 도서 포함, 국내도서 3만5천원 이상) [국내도서] 데일 카네기 인간관계론 (50만부 돌파 초판 무삭제 완역본) ㅣ 데일 카네기 초판 완역본 시리즈 데일 카네기 (지은이), 임상훈 (옮긴이)"
야쿠자 때문에 목욕탕에서 일하고 있습니다 1,"초판부록 : 양면 일러스트 카드 3종, PET 클리어 카드 1종(래핑) / 투명 북마크 (만화 1만 5천원 이상) [국내도서] 야쿠자 때문에 목욕탕에서 일하고 있습니다 1 타카시 (지은이), 심희정 (옮긴이)",㈜소미미디어,"2025년 6월 6,500 원 → 5,850원 ( 10% 할인),  마일리지 320 원 10.0 ( 1 )",https://www.aladin.co.kr/shop/wproduct.aspx?ItemId=365816384,,인공지능,,5850.0,10.0,,,2025-06-01,"초판부록 : 양면 일러스트 카드 3종, PET 클리어 카드 1종(래핑) / 투명 북마크 (만화 1만 5천원 이상) [국내도서] 야쿠자 때문에 목욕탕에서 일하고 있습니다 1 타카시 (지은이), 심희정 (옮긴이)"
사피엔스,"유발 하라리 스틸 북마크 [국내도서] 사피엔스 - 유인원에서 사이보그까지, 인간 역사의 대담하고 위대한 질문 ㅣ 인류 3부작 시리즈 유발 하라리 (지은이), 조현욱 (옮긴이), 이태수 (감수)",김영사,"2023년 4월 26,800 원 → 24,120원 ( 10% 할인),  마일리지 1,340 원 9.2 ( 678 )",https://www.aladin.co.kr/shop/wproduct.aspx?ItemId=314240466,,인공지능,,24120.0,9.2,,,2023-04-01,"유발 하라리 스틸 북마크 [국내도서] 사피엔스 - 유인원에서 사이보그까지, 인간 역사의 대담하고 위대한 질문 ㅣ 인류 3부작 시리즈 유발 하라리 (지은이), 조현욱 (옮긴이), 이태수 (감수)"
코미 양은 커뮤증입니다 31,"초판한정, 일러스트 카드 (100*150mm) [국내도서] 코미 양은 커뮤증입니다 31 - S코믹스 ㅣ S코믹스 오다 토모히토 (지은이), 박경용 (옮긴이)",㈜소미미디어,"2025년 6월 6,000 원 → 5,400원 ( 10% 할인),  마일리지 300 원 세일즈포인트 : 7,390",https://www.aladin.co.kr/shop/wproduct.aspx?ItemId=365413598,,인공지능,,5400.0,,,,2025-06-01,"초판한정, 일러스트 카드 (100*150mm) [국내도서] 코미 양은 커뮤증입니다 31 - S코믹스 ㅣ S코믹스 오다 토모히토 (지은이), 박경용 (옮긴이)"
무엇도 홀로 존재하지 않는다,"화이트 홀 에코백 [국내도서] 무엇도 홀로 존재하지 않는다 - 존재의 연결을 묻는 카를로 로벨리의 질문들 카를로 로벨리 (지은이), 김정훈 (옮긴이)",쌤앤파커스,"2025년 6월 18,500 원 → 16,650원 ( 10% 할인),  마일리지 920 원 9.7 ( 36 )",https://www.aladin.co.kr/shop/wproduct.aspx?ItemId=364586408,,인공지능,,16650.0,9.7,,,2025-06-01,"화이트 홀 에코백 [국내도서] 무엇도 홀로 존재하지 않는다 - 존재의 연결을 묻는 카를로 로벨리의 질문들 카를로 로벨리 (지은이), 김정훈 (옮긴이)"
마음의 기술,"화제의 책 + 알라딘 굿즈 (이벤트 도서 포함, 국내도서 3만5천원 이상) [국내도서] 마음의 기술 - 부정적 감정을 지우는 효과적인 뇌 사용법 안-엘렌 클레르 , 뱅상 트리부 (지은이), 구영옥 (옮긴이)",상상스퀘어,"2024년 11월 21,000 원 → 18,900원 ( 10% 할인),  마일리지 1,050 원 7.0 ( 6 )",https://www.aladin.co.kr/shop/wproduct.aspx?ItemId=352388892,,인공지능,,18900.0,7.0,,,2024-11-01,"화제의 책 + 알라딘 굿즈 (이벤트 도서 포함, 국내도서 3만5천원 이상) [국내도서] 마음의 기술 - 부정적 감정을 지우는 효과적인 뇌 사용법 안-엘렌 클레르 , 뱅상 트리부 (지은이), 구영옥 (옮긴이)"
넥스트 액터 최현욱,"화제의 책 + 알라딘 굿즈 (이벤트 도서 포함, 국내도서 3만5천원 이상) [국내도서] 넥스트 액터 최현욱 ㅣ 넥스트 액터 백은하 , 최현욱 (지은이)",백은하배우연구소,"2025년 6월 20,000 원 → 18,000원 ( 10% 할인),  마일리지 1,000 원 10.0 ( 1 )",https://www.aladin.co.kr/shop/wproduct.aspx?ItemId=365660840,,인공지능,,18000.0,10.0,,,2025-06-01,"화제의 책 + 알라딘 굿즈 (이벤트 도서 포함, 국내도서 3만5천원 이상) [국내도서] 넥스트 액터 최현욱 ㅣ 넥스트 액터 백은하 , 최현욱 (지은이)"
한 권으로 끝내는 해커스 토익 800 (LC + RC + VOCA),[국내도서] 한 권으로 끝내는 해커스 토익 800 (LC + RC + VOCA) - 최신기출유형 100%,초스피드 토익졸업을 위한 한권 시리즈ㅣ본책+해설집+실전모의고사 2회분+토익 기출 어휘+무료 MP3ㅣ토익 학습 어플 빅플 해커스어학연구소 (지은이),해커스어학연구소(Hackers),https://www.aladin.co.kr/shop/wproduct.aspx?ItemId=364284767,,인공지능,,,,,,,[국내도서] 한 권으로 끝내는 해커스 토익 800 (LC + RC + VOCA) - 최신기출유형 100%
소맥거핀의 인체 친구들 4,"양치 챌린지 스티커판+스티커(초판 한정/책과 랩핑), 소맥거핀 쉐이커 보틀(마일리지 차감) [국내도서] 소맥거핀의 인체 친구들 4 - 충치에 당첨되셨습니다! ㅣ 소맥거핀의 인체 친구들 4 서후 (글), 소맥거핀 (원작), 김기수 (그림), 박상민 , 샌드박스네트워크 (감수)",위즈덤하우스,"2025년 6월 14,800 원 → 13,320원 ( 10% 할인),  마일리지 740 원 10.0 ( 4 )",https://www.aladin.co.kr/shop/wproduct.aspx?ItemId=365719658,,인공지능,,13320.0,10.0,,,2025-06-01,"양치 챌린지 스티커판+스티커(초판 한정/책과 랩핑), 소맥거핀 쉐이커 보틀(마일리지 차감) [국내도서] 소맥거핀의 인체 친구들 4 - 충치에 당첨되셨습니다! ㅣ 소맥거핀의 인체 친구들 4 서후 (글), 소맥거핀 (원작), 김기수 (그림), 박상민 , 샌드박스네트워크 (감수)"
질문의 격,6월의 주목도서 +  초판본 책모양 에코백 (이벤트 도서 포함 국내서 2만원 이상) [국내도서] 질문의 격 - 옳은 방식으로 질문해야 답이 보인다 유선경 (지은이),앤의서재,"2025년 5월 17,800 원 → 16,020원 ( 10% 할인),  마일리지 890 원 9.8 ( 28 )",https://www.aladin.co.kr/shop/wproduct.aspx?ItemId=364193237,,인공지능,,16020.0,9.8,,,2025-05-01,6월의 주목도서 +  초판본 책모양 에코백 (이벤트 도서 포함 국내서 2만원 이상) [국내도서] 질문의 격 - 옳은 방식으로 질문해야 답이 보인다 유선경 (지은이)
살아갈 날들을 위한 괴테의 시,"화제의 책 + 알라딘 굿즈 (이벤트 도서 포함, 국내도서 3만5천원 이상) [국내도서] 살아갈 날들을 위한 괴테의 시 Choice 김종원 (지은이)",퍼스트펭귄,"2025년 1월 19,000 원 → 17,100원 ( 10% 할인),  마일리지 950 원 9.9 ( 19 )",https://www.aladin.co.kr/shop/wproduct.aspx?ItemId=355470283,,인공지능,,17100.0,9.9,,,2025-01-01,"화제의 책 + 알라딘 굿즈 (이벤트 도서 포함, 국내도서 3만5천원 이상) [국내도서] 살아갈 날들을 위한 괴테의 시 Choice 김종원 (지은이)"
웬만해선 아무렇지 않다,"화제의 책 + 알라딘 굿즈 (이벤트 도서 포함, 국내도서 3만5천원 이상) [국내도서] 웬만해선 아무렇지 않다 ㅣ 마음산책 짧은 소설 이기호 (지은이), 박선경 (그림)",마음산책,"2016년 2월 12,500 원 → 11,250원 ( 10% 할인),  마일리지 620 원 9.2 ( 318 )",https://www.aladin.co.kr/shop/wproduct.aspx?ItemId=77794737,,인공지능,,11250.0,9.2,,,2016-02-01,"화제의 책 + 알라딘 굿즈 (이벤트 도서 포함, 국내도서 3만5천원 이상) [국내도서] 웬만해선 아무렇지 않다 ㅣ 마음산책 짧은 소설 이기호 (지은이), 박선경 (그림)"
밤새들의 도시,"아크릴 책갈피(대상도서 포함 소설/시/희곡 2만 원 이상 구매 시 선택) [국내도서] 밤새들의 도시 김주혜 (지은이), 김보람 (옮긴이)",다산책방,"2025년 6월 19,800 원 → 17,820원 ( 10% 할인),  마일리지 990 원 10.0 ( 4 )",https://www.aladin.co.kr/shop/wproduct.aspx?ItemId=365892668,,인공지능,,17820.0,10.0,,,2025-06-01,"아크릴 책갈피(대상도서 포함 소설/시/희곡 2만 원 이상 구매 시 선택) [국내도서] 밤새들의 도시 김주혜 (지은이), 김보람 (옮긴이)"
모 이야기 2,"2025 서울국제도서전 여름, 첫 책 [국내도서] 모 이야기 2 Choice 최연주 (지은이)",엣눈북스(atnoonbooks),"2025년 6월 23,000 원 → 20,700원 ( 10% 할인),  마일리지 1,150 원 10.0 ( 2 )",https://www.aladin.co.kr/shop/wproduct.aspx?ItemId=365660227,,인공지능,,20700.0,10.0,,,2025-06-01,"2025 서울국제도서전 여름, 첫 책 [국내도서] 모 이야기 2 Choice 최연주 (지은이)"
나 혼자만 레벨업 14,"아크릴 카드 스탠드 (14권 포함, 만화 분야 3만원 이상 구매 시) [국내도서] 나 혼자만 레벨업 14 - 만화 장성락(REDICE STUDIO) (지은이), 추공 (원작), 현군 (각색)",디앤씨웹툰비즈,"2025년 6월 16,000 원 → 14,400원 ( 10% 할인),  마일리지 800 원 10.0 ( 1 )",https://www.aladin.co.kr/shop/wproduct.aspx?ItemId=364227299,,인공지능,,14400.0,10.0,,,2025-06-01,"아크릴 카드 스탠드 (14권 포함, 만화 분야 3만원 이상 구매 시) [국내도서] 나 혼자만 레벨업 14 - 만화 장성락(REDICE STUDIO) (지은이), 추공 (원작), 현군 (각색)"
알사탕,"금요일의 북클럽 2회, 평론가 김지은 [국내도서] 알사탕 ㅣ 백희나 그림책 Choice 백희나 (지은이)",Storybowl(스토리보울),"2024년 3월 15,000 원 → 13,500원 ( 10% 할인),  마일리지 750 원 10.0 ( 14 )",https://www.aladin.co.kr/shop/wproduct.aspx?ItemId=336511319,,인공지능,,13500.0,10.0,,,2024-03-01,"금요일의 북클럽 2회, 평론가 김지은 [국내도서] 알사탕 ㅣ 백희나 그림책 Choice 백희나 (지은이)"
쓸 만한 인간,[국내도서] 쓸 만한 인간 - 개정증보판 박정민 (지은이),상상출판,"2019년 9월 14,200 원 → 12,780원 ( 10% 할인),  마일리지 710 원 9.0 ( 66 )",https://www.aladin.co.kr/shop/wproduct.aspx?ItemId=202681004,,인공지능,,12780.0,9.0,,,2019-09-01,[국내도서] 쓸 만한 인간 - 개정증보판 박정민 (지은이)
"내가 연인이 될 수 있을 리 없잖아, 무리무리! (※무리가 아니었다?!) 7","초판 부록 : 책갈피, 쇼트스토리 소책자 [국내도서] 내가 연인이 될 수 있을 리 없잖아, 무리무리! (※무리가 아니었다?!) 7 - S Novel+ 미카미 테렌 (지은이), 타케시마 에쿠 (그림), 정백송 (옮긴이)",㈜소미미디어,"2025년 6월 10,500 원 → 9,450원 ( 10% 할인),  마일리지 520 원 10.0 ( 1 )",https://www.aladin.co.kr/shop/wproduct.aspx?ItemId=365677070,,인공지능,,9450.0,10.0,,,2025-06-01,"초판 부록 : 책갈피, 쇼트스토리 소책자 [국내도서] 내가 연인이 될 수 있을 리 없잖아, 무리무리! (※무리가 아니었다?!) 7 - S Novel+ 미카미 테렌 (지은이), 타케시마 에쿠 (그림), 정백송 (옮긴이)"
나는 왜 아무것도 하기 싫을까,[국내도서] 나는 왜 아무것도 하기 싫을까 - 나도 모르게 방전된 몸과 마음을 회복하는 뇌과학 처방전 배종빈 (지은이),포레스트북스,"2025년 5월 18,000 원 → 16,200원 ( 10% 할인),  마일리지 900 원 9.6 ( 24 )",https://www.aladin.co.kr/shop/wproduct.aspx?ItemId=364015723,,인공지능,,16200.0,9.6,,,2025-05-01,[국내도서] 나는 왜 아무것도 하기 싫을까 - 나도 모르게 방전된 몸과 마음을 회복하는 뇌과학 처방전 배종빈 (지은이)
실패를 성공으로 바꾸는 주식투자의 기술,"화제의 책 + 알라딘 굿즈 (이벤트 도서 포함, 국내도서 3만5천원 이상) [국내도서] 실패를 성공으로 바꾸는 주식투자의 기술 - 초보 투자자를 위한 부자아빠의 핵심 트레이닝 정재호 (지은이)",프런트페이지,"2025년 5월 21,000 원 → 18,900원 ( 10% 할인),  마일리지 1,050 원 10.0 ( 13 )",https://www.aladin.co.kr/shop/wproduct.aspx?ItemId=363863264,,인공지능,,18900.0,10.0,,,2025-05-01,"화제의 책 + 알라딘 굿즈 (이벤트 도서 포함, 국내도서 3만5천원 이상) [국내도서] 실패를 성공으로 바꾸는 주식투자의 기술 - 초보 투자자를 위한 부자아빠의 핵심 트레이닝 정재호 (지은이)"
퓨처 셀프 30만 부 기념 스페셜 에디션,"화제의 책 + 알라딘 굿즈 (이벤트 도서 포함, 국내도서 3만5천원 이상) [국내도서] 퓨처 셀프 30만 부 기념 스페셜 에디션 - 현재와 미래가 달라지는 놀라운 혁명 벤저민 하디 (지은이), 최은아 (옮긴이)",상상스퀘어,"2024년 9월 22,000 원 → 19,800원 ( 10% 할인),  마일리지 1,100 원 6.7 ( 9 )",https://www.aladin.co.kr/shop/wproduct.aspx?ItemId=347950596,,인공지능,,19800.0,6.7,,,2024-09-01,"화제의 책 + 알라딘 굿즈 (이벤트 도서 포함, 국내도서 3만5천원 이상) [국내도서] 퓨처 셀프 30만 부 기념 스페셜 에디션 - 현재와 미래가 달라지는 놀라운 혁명 벤저민 하디 (지은이), 최은아 (옮긴이)"
데미안 (오리지널 초판본 표지디자인),"화제의 책 + 알라딘 굿즈 (이벤트 도서 포함, 국내도서 3만5천원 이상) [국내도서] 데미안 (오리지널 초판본 표지디자인) - 최신 원전 완역본 ㅣ 코너스톤 착한 고전 시리즈 1 정가인하 헤르만 헤세 (지은이), 이미영 (옮긴이), 김선형 (해설)",코너스톤,"2017년 1월 3,200 원(57%정가인하) → 2,880원 ( 10% 할인),  마일리지 160 원 9.6 ( 25 )",https://www.aladin.co.kr/shop/wproduct.aspx?ItemId=98710881,,인공지능,,2880.0,9.6,,,2017-01-01,"화제의 책 + 알라딘 굿즈 (이벤트 도서 포함, 국내도서 3만5천원 이상) [국내도서] 데미안 (오리지널 초판본 표지디자인) - 최신 원전 완역본 ㅣ 코너스톤 착한 고전 시리즈 1 정가인하 헤르만 헤세 (지은이), 이미영 (옮긴이), 김선형 (해설)"
괴수 8호 RELAX 1,"홀로그램 포토카드 + 홀더 세트 (만화 분야 1만 5천원 이상 구매 시) [국내도서] 괴수 8호 RELAX 1 마츠모토 나오야 (원작), Kizuku Watanabe (그림), 유유리 (옮긴이)",서울미디어코믹스(서울문화사),"2025년 4월 6,000 원 → 5,400원 ( 10% 할인),  마일리지 300 원 10.0 ( 2 )",https://www.aladin.co.kr/shop/wproduct.aspx?ItemId=362981460,,인공지능,,5400.0,10.0,,,2025-04-01,"홀로그램 포토카드 + 홀더 세트 (만화 분야 1만 5천원 이상 구매 시) [국내도서] 괴수 8호 RELAX 1 마츠모토 나오야 (원작), Kizuku Watanabe (그림), 유유리 (옮긴이)"
천 개의 파랑,"21세기 최고의 책 : 기억할 책, 함께할 책 [국내도서] 천 개의 파랑 - 2019년 제4회 한국과학문학상 장편 대상 Choice 천선란 (지은이)",허블,"2020년 8월 17,000 원 → 15,300원 ( 10% 할인),  마일리지 850 원 9.0 ( 162 )",https://www.aladin.co.kr/shop/wproduct.aspx?ItemId=248956900,,인공지능,,15300.0,9.0,,,2020-08-01,"21세기 최고의 책 : 기억할 책, 함께할 책 [국내도서] 천 개의 파랑 - 2019년 제4회 한국과학문학상 장편 대상 Choice 천선란 (지은이)"
"입어주세요, 타카미네 양 9","[국내도서] 입어주세요, 타카미네 양 9 - S 코믹스 Red 히이라기 유이치 (지은이), 옷무 (옮긴이)",㈜소미미디어,"2025년 6월 6,000 원 → 5,400원 ( 10% 할인),  마일리지 300 원 세일즈포인트 : 7,220",https://www.aladin.co.kr/shop/wproduct.aspx?ItemId=365413359,,인공지능,,5400.0,,,,2025-06-01,"[국내도서] 입어주세요, 타카미네 양 9 - S 코믹스 Red 히이라기 유이치 (지은이), 옷무 (옮긴이)"
부서지는 아이들,"화제의 책 + 알라딘 굿즈 (이벤트 도서 포함, 국내도서 3만5천원 이상) [국내도서] 부서지는 아이들 - 다정한 양육은 어떻게 아이를 망치는가 애비게일 슈라이어 (지은이), 이수경 (옮긴이)",웅진지식하우스,"2025년 5월 22,000 원 → 19,800원 ( 10% 할인),  마일리지 1,100 원 9.9 ( 21 )",https://www.aladin.co.kr/shop/wproduct.aspx?ItemId=362814807,,인공지능,,19800.0,9.9,,,2025-05-01,"화제의 책 + 알라딘 굿즈 (이벤트 도서 포함, 국내도서 3만5천원 이상) [국내도서] 부서지는 아이들 - 다정한 양육은 어떻게 아이를 망치는가 애비게일 슈라이어 (지은이), 이수경 (옮긴이)"
심장보다 단단한 토마토 한 알,림LIM 양말 (2024 제1회 림 문학상 수상작품집 등 1권 이상 구매 시) [국내도서] 심장보다 단단한 토마토 한 알 ㅣ 시-LIM 시인선 1 Choice 고선경 (지은이),열림원,"2025년 1월 12,000 원 → 10,800원 ( 10% 할인),  마일리지 600 원 9.2 ( 21 )",https://www.aladin.co.kr/shop/wproduct.aspx?ItemId=355900488,,인공지능,,10800.0,9.2,,,2025-01-01,림LIM 양말 (2024 제1회 림 문학상 수상작품집 등 1권 이상 구매 시) [국내도서] 심장보다 단단한 토마토 한 알 ㅣ 시-LIM 시인선 1 Choice 고선경 (지은이)
당신의 세계는 아직도 바다와 빗소리와 작약을 취급하는지,"6월 특별 선물. 도시락 보냉가방 ·
여름 와플 담요 (이벤트 도서 포함 국내서·외서 5만원 이상) [국내도서] 당신의 세계는 아직도 바다와 빗소리와 작약을 취급하는지 ㅣ 민음의 시 308 Choice 김경미 (지은이)",민음사,"2023년 1월 13,000 원 → 11,700원 ( 10% 할인),  마일리지 650 원 8.7 ( 9 )",https://www.aladin.co.kr/shop/wproduct.aspx?ItemId=310192199,,인공지능,,11700.0,8.7,,,2023-01-01,"6월 특별 선물. 도시락 보냉가방 ·
여름 와플 담요 (이벤트 도서 포함 국내서·외서 5만원 이상) [국내도서] 당신의 세계는 아직도 바다와 빗소리와 작약을 취급하는지 ㅣ 민음의 시 308 Choice 김경미 (지은이)"
코스모스,"2025 여름의 지식교양. 투명 미니백(대상도서 포함 국내도서 2만 원 이상) [국내도서] 코스모스 - 보급판 칼 세이건 (지은이), 홍승수 (옮긴이)",사이언스북스,"2006년 12월 19,900 원 → 17,910원 ( 10% 할인),  마일리지 990 원 9.4 ( 438 )",https://www.aladin.co.kr/shop/wproduct.aspx?ItemId=870950,,인공지능,,17910.0,9.4,,,2006-12-01,"2025 여름의 지식교양. 투명 미니백(대상도서 포함 국내도서 2만 원 이상) [국내도서] 코스모스 - 보급판 칼 세이건 (지은이), 홍승수 (옮긴이)"
어서 오세요 실력지상주의 교실에 1학년 편 공식 가이드북 First File,"[국내도서] 어서 오세요 실력지상주의 교실에 1학년 편 공식 가이드북 First File - S Novel 토모세 슌사쿠 (지은이), 조민정 (옮긴이)",㈜소미미디어,"2025년 6월 11,000 원 → 9,900원 ( 10% 할인),  마일리지 550 원 세일즈포인트 : 6,420",https://www.aladin.co.kr/shop/wproduct.aspx?ItemId=365866919,,인공지능,,9900.0,,,,2025-06-01,"[국내도서] 어서 오세요 실력지상주의 교실에 1학년 편 공식 가이드북 First File - S Novel 토모세 슌사쿠 (지은이), 조민정 (옮긴이)"
별에게,수박 수영장 비치타월 [국내도서] 별에게 Choice 안녕달 (지은이),창비,"2025년 3월 16,800 원 → 15,120원 ( 10% 할인),  마일리지 840 원 10.0 ( 85 )",https://www.aladin.co.kr/shop/wproduct.aspx?ItemId=361342971,,인공지능,,15120.0,10.0,,,2025-03-01,수박 수영장 비치타월 [국내도서] 별에게 Choice 안녕달 (지은이)
28시간에 끝내는 토익스피킹 스타트,"데스크 매트.북엔드.클립보드 등(공무원.자격증.외국어.컴퓨터 구매 금액별 사은품) [국내도서] 28시간에 끝내는 토익스피킹 스타트 - 2025 최신 기출 전면 개정판 황인기(제이크) , 시원스쿨어학연구소 (지은이)",시원스쿨LAB,"2025년 3월 17,900 원 → 16,110원 ( 10% 할인),  마일리지 890 원 9.8 ( 18 )",https://www.aladin.co.kr/shop/wproduct.aspx?ItemId=361172981,,인공지능,,16110.0,9.8,,,2025-03-01,"데스크 매트.북엔드.클립보드 등(공무원.자격증.외국어.컴퓨터 구매 금액별 사은품) [국내도서] 28시간에 끝내는 토익스피킹 스타트 - 2025 최신 기출 전면 개정판 황인기(제이크) , 시원스쿨어학연구소 (지은이)"
흔한남매의 흔한 호기심 13,"피너츠 다용도 파우치(4종 중 택1, 대상도서 1권 포함, 어린이 분야 15,000원 이상) [국내도서] 흔한남매의 흔한 호기심 13 ㅣ 흔한남매 안치현 (지은이), 흔한남매 (원작), 유난희 (그림), 이정모 , 흔한컴퍼니 (감수)",미래엔아이세움,"2025년 3월 15,000 원 → 13,500원 ( 10% 할인),  마일리지 750 원 10.0 ( 45 )",https://www.aladin.co.kr/shop/wproduct.aspx?ItemId=360196176,,인공지능,,13500.0,10.0,,,2025-03-01,"피너츠 다용도 파우치(4종 중 택1, 대상도서 1권 포함, 어린이 분야 15,000원 이상) [국내도서] 흔한남매의 흔한 호기심 13 ㅣ 흔한남매 안치현 (지은이), 흔한남매 (원작), 유난희 (그림), 이정모 , 흔한컴퍼니 (감수)"
토마토 컵라면 (스페셜 에디션),[국내도서] 토마토 컵라면 (스페셜 에디션) 차정은 (지은이),부크크(bookk),"2024년 4월 9,000 원 → 8,100원 ( 10% 할인),  마일리지 450 원 8.0 ( 1 )",https://www.aladin.co.kr/shop/wproduct.aspx?ItemId=342763210,,인공지능,,8100.0,8.0,,,2024-04-01,[국내도서] 토마토 컵라면 (스페셜 에디션) 차정은 (지은이)
초판본 군주론,"책과 함께 무료배송 - 함께 사기 좋은 특가 도서 · 저가 도서 총집합 [국내도서] 초판본 군주론 - 오리지널 초판본 표지디자인 ㅣ 더스토리 초판본 시리즈 정가인하 니콜로 마키아벨리 (지은이), 이시연 (옮긴이)",더스토리,"2020년 8월 2,980 원(46%정가인하) → 2,690원 ( 10% 할인),  마일리지 140 원 10.0 ( 1 )",https://www.aladin.co.kr/shop/wproduct.aspx?ItemId=249432298,,인공지능,,2690.0,10.0,,,2020-08-01,"책과 함께 무료배송 - 함께 사기 좋은 특가 도서 · 저가 도서 총집합 [국내도서] 초판본 군주론 - 오리지널 초판본 표지디자인 ㅣ 더스토리 초판본 시리즈 정가인하 니콜로 마키아벨리 (지은이), 이시연 (옮긴이)"
너를 너무너무너무너무 좋아하는 100명의 그녀 18,"[국내도서] 너를 너무너무너무너무 좋아하는 100명의 그녀 18 나카무라 리키토 (지은이), 노자와 유키코 (그림)",학산문화사(만화),"2025년 6월 6,000 원 → 5,400원 ( 10% 할인),  마일리지 300 원 세일즈포인트 : 4,190",https://www.aladin.co.kr/shop/wproduct.aspx?ItemId=365816298,,인공지능,,5400.0,,,,2025-06-01,"[국내도서] 너를 너무너무너무너무 좋아하는 100명의 그녀 18 나카무라 리키토 (지은이), 노자와 유키코 (그림)"
인생의 연금술,"화제의 책 + 알라딘 굿즈 (이벤트 도서 포함, 국내도서 3만5천원 이상) [국내도서] 인생의 연금술 - 스스로 설계한 미래를 끌어당기는 법 이하영 (지은이)",웅진지식하우스,"2025년 5월 18,500 원 → 16,650원 ( 10% 할인),  마일리지 920 원 9.9 ( 14 )",https://www.aladin.co.kr/shop/wproduct.aspx?ItemId=364902340,,인공지능,,16650.0,9.9,,,2025-05-01,"화제의 책 + 알라딘 굿즈 (이벤트 도서 포함, 국내도서 3만5천원 이상) [국내도서] 인생의 연금술 - 스스로 설계한 미래를 끌어당기는 법 이하영 (지은이)"
기울어진 평등,"책집게(도서 포함 국내도서 2만 원 이상 구매 시 선택) [국내도서] 기울어진 평등 - 부와 권력은 왜 불평등을 허락하는가 토마 피케티 , 마이클 샌델 (지은이), 장경덕 (옮긴이)",와이즈베리,"2025년 5월 17,800 원 → 16,020원 ( 10% 할인),  마일리지 890 원 8.6 ( 20 )",https://www.aladin.co.kr/shop/wproduct.aspx?ItemId=362763088,,인공지능,,16020.0,8.6,,,2025-05-01,"책집게(도서 포함 국내도서 2만 원 이상 구매 시 선택) [국내도서] 기울어진 평등 - 부와 권력은 왜 불평등을 허락하는가 토마 피케티 , 마이클 샌델 (지은이), 장경덕 (옮긴이)"
초등일타과학,"피너츠 다용도 파우치(4종 중 택1, 대상도서 1권 포함, 어린이 분야 15,000원 이상) [국내도서] 초등일타과학 - 과학 영재 기초잡는 이광렬 (지은이)",코리아닷컴(Korea.com),"2025년 4월 18,900 원 → 17,010원 ( 10% 할인),  마일리지 940 원 10.0 ( 40 )",https://www.aladin.co.kr/shop/wproduct.aspx?ItemId=362145719,,인공지능,,17010.0,10.0,,,2025-04-01,"피너츠 다용도 파우치(4종 중 택1, 대상도서 1권 포함, 어린이 분야 15,000원 이상) [국내도서] 초등일타과학 - 과학 영재 기초잡는 이광렬 (지은이)"
부모의 내면이 아이의 세상이 된다,"6월 특별 선물. 도시락 보냉가방 ·
여름 와플 담요 (이벤트 도서 포함 국내서·외서 5만원 이상) [국내도서] 부모의 내면이 아이의 세상이 된다 - 소아정신과 최고 권위자 대니얼 J. 시겔의 40년 연구 결실을 담은 9가지 육아 법칙 Choice 대니얼 J. 시겔 , 메리 하첼 (지은이), 신유희 (옮긴이)",페이지2(page2),"2025년 4월 19,800 원 → 17,820원 ( 10% 할인),  마일리지 990 원 9.8 ( 18 )",https://www.aladin.co.kr/shop/wproduct.aspx?ItemId=360706709,,인공지능,,17820.0,9.8,,,2025-04-01,"6월 특별 선물. 도시락 보냉가방 ·
여름 와플 담요 (이벤트 도서 포함 국내서·외서 5만원 이상) [국내도서] 부모의 내면이 아이의 세상이 된다 - 소아정신과 최고 권위자 대니얼 J. 시겔의 40년 연구 결실을 담은 9가지 육아 법칙 Choice 대니얼 J. 시겔 , 메리 하첼 (지은이), 신유희 (옮긴이)"
북두의 권 신장판 9,"[국내도서] 북두의 권 신장판 9 하라 테츠오 (지은이), Buronson (원작)",시리얼(학산문화사),"2025년 6월 12,000 원 → 10,800원 ( 10% 할인),  마일리지 600 원 10.0 ( 1 )",https://www.aladin.co.kr/shop/wproduct.aspx?ItemId=365816599,,인공지능,,10800.0,10.0,,,2025-06-01,"[국내도서] 북두의 권 신장판 9 하라 테츠오 (지은이), Buronson (원작)"
에미야 가의 오늘의 밥상 10,"초판한정, 띠지 + 일러스트 카드 [국내도서] 에미야 가의 오늘의 밥상 10 - 노엔 코믹스 타입 문 (원작), TAa (그림), 한호성 (옮긴이)",데이즈엔터(주),"2025년 6월 8,000 원 → 7,200원 ( 10% 할인),  마일리지 400 원 10.0 ( 1 )",https://www.aladin.co.kr/shop/wproduct.aspx?ItemId=365837693,,인공지능,,7200.0,10.0,,,2025-06-01,"초판한정, 띠지 + 일러스트 카드 [국내도서] 에미야 가의 오늘의 밥상 10 - 노엔 코믹스 타입 문 (원작), TAa (그림), 한호성 (옮긴이)"
무적 이순신 6,"피너츠 다용도 파우치(4종 중 택1, 대상도서 1권 포함, 어린이 분야 15,000원 이상) [국내도서] 무적 이순신 6 ㅣ 역사를 생생하게 우리 영웅 시리즈 박지연 , 박한 (지은이), 정수영 (그림), 이익주 (감수)",아울북,"2025년 6월 16,800 원 → 15,120원 ( 10% 할인),  마일리지 840 원 세일즈포인트 : 4,530",https://www.aladin.co.kr/shop/wproduct.aspx?ItemId=365719394,,인공지능,,15120.0,,,,2025-06-01,"피너츠 다용도 파우치(4종 중 택1, 대상도서 1권 포함, 어린이 분야 15,000원 이상) [국내도서] 무적 이순신 6 ㅣ 역사를 생생하게 우리 영웅 시리즈 박지연 , 박한 (지은이), 정수영 (그림), 이익주 (감수)"
동생,"6월의 주목도서 +  초판본 책모양 에코백 (이벤트 도서 포함 국내서 2만원 이상) [국내도서] 동생 찬와이 (지은이), 문현선 (옮긴이)",민음사,"2025년 5월 17,000 원 → 15,300원 ( 10% 할인),  마일리지 850 원 10.0 ( 2 )",https://www.aladin.co.kr/shop/wproduct.aspx?ItemId=364924238,,인공지능,,15300.0,10.0,,,2025-05-01,"6월의 주목도서 +  초판본 책모양 에코백 (이벤트 도서 포함 국내서 2만원 이상) [국내도서] 동생 찬와이 (지은이), 문현선 (옮긴이)"
봄의 폭풍과 몬스터 6,수량한정 인스타그램 포토카드 [국내도서] 봄의 폭풍과 몬스터 6 미츠바치 미유키 (지은이),학산문화사(만화),"2025년 5월 6,000 원 → 5,400원 ( 10% 할인),  마일리지 300 원 9.5 ( 13 )",https://www.aladin.co.kr/shop/wproduct.aspx?ItemId=364586421,,인공지능,,5400.0,9.5,,,2025-05-01,수량한정 인스타그램 포토카드 [국내도서] 봄의 폭풍과 몬스터 6 미츠바치 미유키 (지은이)
흔한남매 과학 탐험대 14 : 화학 반응,"흔한남매 흔들 키링(2종 중 택1) [국내도서] 흔한남매 과학 탐험대 14 : 화학 반응 ㅣ 흔한남매 과학 탐험대 14 흔한남매 (원작), 김언정 , 송은경 (글), 김덕영 (그림), 흔한컴퍼니 (감수), 최진수 , 정현철 , 김희목 , 권경아 (기획)",주니어김영사,"2025년 4월 16,800 원 → 15,120원 ( 10% 할인),  마일리지 840 원 10.0 ( 4 )",https://www.aladin.co.kr/shop/wproduct.aspx?ItemId=362153961,,인공지능,,15120.0,10.0,,,2025-04-01,"흔한남매 흔들 키링(2종 중 택1) [국내도서] 흔한남매 과학 탐험대 14 : 화학 반응 ㅣ 흔한남매 과학 탐험대 14 흔한남매 (원작), 김언정 , 송은경 (글), 김덕영 (그림), 흔한컴퍼니 (감수), 최진수 , 정현철 , 김희목 , 권경아 (기획)"
정확한 사랑의 실험,21세기 최고의 책 금속 책갈피 (대상도서 3만원 이상) [국내도서] 정확한 사랑의 실험 Choice 신형철 (지은이),마음산책,"2014년 10월 16,000 원 → 14,400원 ( 10% 할인),  마일리지 800 원 9.2 ( 163 )",https://www.aladin.co.kr/shop/wproduct.aspx?ItemId=46985012,,인공지능,,14400.0,9.2,,,2014-10-01,21세기 최고의 책 금속 책갈피 (대상도서 3만원 이상) [국내도서] 정확한 사랑의 실험 Choice 신형철 (지은이)
지극히 사적인 일본,"화제의 책 + 알라딘 굿즈 (이벤트 도서 포함, 국내도서 3만5천원 이상) [국내도서] 지극히 사적인 일본 - 전 아사히신문 기자가 솔직하게 말하는 요즘 일본 ㅣ 지구 여행자를 위한 안내서 나리카와 아야 (지은이)",틈새책방,"2025년 5월 22,000 원 → 19,800원 ( 10% 할인),  마일리지 1,100 원 10.0 ( 2 )",https://www.aladin.co.kr/shop/wproduct.aspx?ItemId=364849406,,인공지능,,19800.0,10.0,,,2025-05-01,"화제의 책 + 알라딘 굿즈 (이벤트 도서 포함, 국내도서 3만5천원 이상) [국내도서] 지극히 사적인 일본 - 전 아사히신문 기자가 솔직하게 말하는 요즘 일본 ㅣ 지구 여행자를 위한 안내서 나리카와 아야 (지은이)"
북두의 권 신장판 10,"[국내도서] 북두의 권 신장판 10 하라 테츠오 (지은이), Buronson (원작)",시리얼(학산문화사),"2025년 6월 12,000 원 → 10,800원 ( 10% 할인),  마일리지 600 원 세일즈포인트 : 4,000",https://www.aladin.co.kr/shop/wproduct.aspx?ItemId=365816660,,인공지능,,10800.0,,,,2025-06-01,"[국내도서] 북두의 권 신장판 10 하라 테츠오 (지은이), Buronson (원작)"
기획자로 산다는 것,한정판 마스킹테이프 [국내도서] 기획자로 산다는 것 - 일잘러(가 되고 싶은) 기획자의 일기장 카카 (지은이),길벗,"2025년 6월 16,800 원 → 15,120원 ( 10% 할인),  마일리지 840 원 세일즈포인트 : 4,730",https://www.aladin.co.kr/shop/wproduct.aspx?ItemId=365722243,,인공지능,,15120.0,,,,2025-06-01,한정판 마스킹테이프 [국내도서] 기획자로 산다는 것 - 일잘러(가 되고 싶은) 기획자의 일기장 카카 (지은이)
우리가 타인을 마주할 때,"6월 특별 선물. 도시락 보냉가방 ·
여름 와플 담요 (이벤트 도서 포함 국내서·외서 5만원 이상) [국내도서] 우리가 타인을 마주할 때 - 각자 다른 삶을 살아가는 타인과 편안하게 공존하는 법 아돌프 크니게 (지은이), 박상미 (옮긴이)",저녁달,"2025년 6월 21,000 원 → 18,900원 ( 10% 할인),  마일리지 1,050 원 10.0 ( 5 )",https://www.aladin.co.kr/shop/wproduct.aspx?ItemId=364979981,,인공지능,,18900.0,10.0,,,2025-06-01,"6월 특별 선물. 도시락 보냉가방 ·
여름 와플 담요 (이벤트 도서 포함 국내서·외서 5만원 이상) [국내도서] 우리가 타인을 마주할 때 - 각자 다른 삶을 살아가는 타인과 편안하게 공존하는 법 아돌프 크니게 (지은이), 박상미 (옮긴이)"
너에게 들려주는 단단한 말,"지금, 청소년을 말하다. 파우치와 키링 (4종 택1) [국내도서] 너에게 들려주는 단단한 말 김종원 (지은이)",퍼스트펭귄,"2024년 7월 18,000 원 → 16,200원 ( 10% 할인),  마일리지 900 원 9.8 ( 35 )",https://www.aladin.co.kr/shop/wproduct.aspx?ItemId=342334735,,인공지능,,16200.0,9.8,,,2024-07-01,"지금, 청소년을 말하다. 파우치와 키링 (4종 택1) [국내도서] 너에게 들려주는 단단한 말 김종원 (지은이)"
독끝 NCS 기본서 : 독학으로 끝내는 공기업 NCS 통합기본서 (PSAT형+모듈형+피듈형) - 전2권,"데스크 매트.북엔드.클립보드 등(공무원.자격증.외국어.컴퓨터 구매 금액별 사은품) [국내도서] 독끝 NCS 기본서 : 독학으로 끝내는 공기업 NCS 통합기본서 (PSAT형+모듈형+피듈형) - 전2권 - 한국전력공사·한국철도공사·한국도로공사·한국가스공사·수자원공사·한국수력원자력·국민건강보험공단·근로복지공단·국민연금공단·인천국제공항공사·한국토지주택공사·중소벤처기업진흥공단·농어촌공사·한국관광공사·한국공항공사·한국남동발전·한국중부발전·지역난방공사·서울교통공사·부산교통공사 길잡이연구소 , 애드투북스 (지은이)",애드투북스,"2024년 7월 27,000 원 → 24,300원 ( 10% 할인),  마일리지 1,350 원 10.0 ( 252 )",https://www.aladin.co.kr/shop/wproduct.aspx?ItemId=341684296,,인공지능,,24300.0,10.0,,,2024-07-01,"데스크 매트.북엔드.클립보드 등(공무원.자격증.외국어.컴퓨터 구매 금액별 사은품) [국내도서] 독끝 NCS 기본서 : 독학으로 끝내는 공기업 NCS 통합기본서 (PSAT형+모듈형+피듈형) - 전2권 - 한국전력공사·한국철도공사·한국도로공사·한국가스공사·수자원공사·한국수력원자력·국민건강보험공단·근로복지공단·국민연금공단·인천국제공항공사·한국토지주택공사·중소벤처기업진흥공단·농어촌공사·한국관광공사·한국공항공사·한국남동발전·한국중부발전·지역난방공사·서울교통공사·부산교통공사 길잡이연구소 , 애드투북스 (지은이)"
뿐이 토핑 이유식,"이유식 노트 [국내도서] 뿐이 토핑 이유식 - 최신 이유식 지침을 반영한 세상 쉽고 맛있는 레시피 253 정주희 (지은이), 이수진 (감수)",서사원,"2024년 3월 29,800 원 → 26,820원 ( 10% 할인),  마일리지 1,490 원 10.0 ( 1 )",https://www.aladin.co.kr/shop/wproduct.aspx?ItemId=335110473,,인공지능,,26820.0,10.0,,,2024-03-01,"이유식 노트 [국내도서] 뿐이 토핑 이유식 - 최신 이유식 지침을 반영한 세상 쉽고 맛있는 레시피 253 정주희 (지은이), 이수진 (감수)"
입시를 책임지는 초3 수학 캠프,"화제의 책 + 알라딘 굿즈 (이벤트 도서 포함, 국내도서 3만5천원 이상) [국내도서] 입시를 책임지는 초3 수학 캠프 - 고학년 되기 전, 상위 1% 수학머리를 완성하라! 류승재 (지은이)",21세기북스,"2025년 6월 22,000 원 → 19,800원 ( 10% 할인),  마일리지 1,100 원 세일즈포인트 : 4,540",https://www.aladin.co.kr/shop/wproduct.aspx?ItemId=365816150,,인공지능,,19800.0,,,,2025-06-01,"화제의 책 + 알라딘 굿즈 (이벤트 도서 포함, 국내도서 3만5천원 이상) [국내도서] 입시를 책임지는 초3 수학 캠프 - 고학년 되기 전, 상위 1% 수학머리를 완성하라! 류승재 (지은이)"
"큰별쌤 최태성의 별별한국사 시대별 기출문제집 한국사능력검정시험 심화(1,2,3급)","[국내도서] 큰별쌤 최태성의 별별한국사 시대별 기출문제집 한국사능력검정시험 심화(1,2,3급) ㅣ 큰별쌤 최태성의 별★별한국사 한국사능력검정시험 시리즈 최태성 (지은이)",이투스북,"2025년 6월 19,700 원 → 17,730원 ( 10% 할인),  마일리지 980 원 세일즈포인트 : 4,890",https://www.aladin.co.kr/shop/wproduct.aspx?ItemId=365659530,,인공지능,,17730.0,,,,2025-06-01,"[국내도서] 큰별쌤 최태성의 별별한국사 시대별 기출문제집 한국사능력검정시험 심화(1,2,3급) ㅣ 큰별쌤 최태성의 별★별한국사 한국사능력검정시험 시리즈 최태성 (지은이)"
원페이지 교육학 기본서 상,독서대(공무원 수험서 2만원 이상) [국내도서] 원페이지 교육학 기본서 상 - 제7판 2쇄 ㅣ 원페이지 교육학 Dave (지은이),새벽노을,"2025년 3월 40,000 원 → 38,000원 ( 5% 할인),  마일리지 2,000 원 10.0 ( 164 )",https://www.aladin.co.kr/shop/wproduct.aspx?ItemId=339760887,,인공지능,,38000.0,10.0,,,2025-03-01,독서대(공무원 수험서 2만원 이상) [국내도서] 원페이지 교육학 기본서 상 - 제7판 2쇄 ㅣ 원페이지 교육학 Dave (지은이)
여름을 한 입 베어 물었더니,"지금, 청소년을 말하다. 파우치와 키링 (4종 택1) [국내도서] 여름을 한 입 베어 물었더니 ㅣ 문학동네 청소년 66 Choice 이꽃님 (지은이)",문학동네,"2023년 8월 12,500 원 → 11,250원 ( 10% 할인),  마일리지 620 원 9.7 ( 93 )",https://www.aladin.co.kr/shop/wproduct.aspx?ItemId=322940527,,인공지능,,11250.0,9.7,,,2023-08-01,"지금, 청소년을 말하다. 파우치와 키링 (4종 택1) [국내도서] 여름을 한 입 베어 물었더니 ㅣ 문학동네 청소년 66 Choice 이꽃님 (지은이)"
"책문, 이 시대가 묻는다","화제의 책 + 알라딘 굿즈 (이벤트 도서 포함, 국내도서 3만5천원 이상) [국내도서] 책문, 이 시대가 묻는다 Choice 김태완 (지은이)",현자의마을,"2015년 6월 22,000 원 → 19,800원 ( 10% 할인),  마일리지 1,100 원 9.1 ( 7 )",https://www.aladin.co.kr/shop/wproduct.aspx?ItemId=61573997,,인공지능,,19800.0,9.1,,,2015-06-01,"화제의 책 + 알라딘 굿즈 (이벤트 도서 포함, 국내도서 3만5천원 이상) [국내도서] 책문, 이 시대가 묻는다 Choice 김태완 (지은이)"
나 외계인이 될지도 몰라,<시와 물질> 양장노트 + <나쁘게 눈부시기> (오늘의 한국문학 도서 2종 이상 구매) [국내도서] 나 외계인이 될지도 몰라 ㅣ 문학동네 시인선 235 Choice 신이인 (지은이),문학동네,"2025년 6월 12,000 원 → 10,800원 ( 10% 할인),  마일리지 600 원 세일즈포인트 : 4,870",https://www.aladin.co.kr/shop/wproduct.aspx?ItemId=365899668,,인공지능,,10800.0,,,,2025-06-01,<시와 물질> 양장노트 + <나쁘게 눈부시기> (오늘의 한국문학 도서 2종 이상 구매) [국내도서] 나 외계인이 될지도 몰라 ㅣ 문학동네 시인선 235 Choice 신이인 (지은이)
행복할 거야 이래도 되나 싶을 정도로,"화제의 책 + 알라딘 굿즈 (이벤트 도서 포함, 국내도서 3만5천원 이상) [국내도서] 행복할 거야 이래도 되나 싶을 정도로 일홍 (지은이)",부크럼,"2024년 7월 18,000 원 → 16,200원 ( 10% 할인),  마일리지 900 원 9.8 ( 65 )",https://www.aladin.co.kr/shop/wproduct.aspx?ItemId=343855351,,인공지능,,16200.0,9.8,,,2024-07-01,"화제의 책 + 알라딘 굿즈 (이벤트 도서 포함, 국내도서 3만5천원 이상) [국내도서] 행복할 거야 이래도 되나 싶을 정도로 일홍 (지은이)"
해커스 토익 RC Reading(리딩) 기본서,데스크 매트.북엔드.클립보드 등(공무원.자격증.외국어.컴퓨터 구매 금액별 사은품) [국내도서] 해커스 토익 RC Reading(리딩) 기본서 - 최신기출경향 완벽 반영｜실전모의고사 4회분 [시험장에도 들고 가는 토익 RC 필수 어휘 & 단어암기 MP3 제공] ㅣ 해커스 토익 기본서 David Cho (지은이),해커스어학연구소(Hackers),"2024년 8월 18,800 원 → 16,920원 ( 10% 할인),  마일리지 940 원 9.8 ( 48 )",https://www.aladin.co.kr/shop/wproduct.aspx?ItemId=306403048,,인공지능,,16920.0,9.8,,,2024-08-01,데스크 매트.북엔드.클립보드 등(공무원.자격증.외국어.컴퓨터 구매 금액별 사은품) [국내도서] 해커스 토익 RC Reading(리딩) 기본서 - 최신기출경향 완벽 반영｜실전모의고사 4회분 [시험장에도 들고 가는 토익 RC 필수 어휘 & 단어암기 MP3 제공] ㅣ 해커스 토익 기본서 David Cho (지은이)
To Love 트러블 : 다크니스 리커버 6,"[국내도서] To Love 트러블 : 다크니스 리커버 6 야부키 켄타로 (지은이), 서울미디어코믹스 편집부 (옮긴이), Saki Hasemi (각본)",서울미디어코믹스(서울문화사),"2025년 6월 13,000 원 → 11,700원 ( 10% 할인),  마일리지 650 원 세일즈포인트 : 4,380",https://www.aladin.co.kr/shop/wproduct.aspx?ItemId=365912164,,인공지능,,11700.0,,,,2025-06-01,"[국내도서] To Love 트러블 : 다크니스 리커버 6 야부키 켄타로 (지은이), 서울미디어코믹스 편집부 (옮긴이), Saki Hasemi (각본)"
언어가 세계를 감각하는 법,"6월의 주목도서 +  초판본 책모양 에코백 (이벤트 도서 포함 국내서 2만원 이상) [국내도서] 언어가 세계를 감각하는 법 - 다른 언어를 쓰는 사람은 생각하는 방식도 다를까? 케일럽 에버렛 (지은이), 노승영 (옮긴이)",위즈덤하우스,"2025년 5월 22,000 원 → 19,800원 ( 10% 할인),  마일리지 1,100 원 9.6 ( 11 )",https://www.aladin.co.kr/shop/wproduct.aspx?ItemId=364899580,,인공지능,,19800.0,9.6,,,2025-05-01,"6월의 주목도서 +  초판본 책모양 에코백 (이벤트 도서 포함 국내서 2만원 이상) [국내도서] 언어가 세계를 감각하는 법 - 다른 언어를 쓰는 사람은 생각하는 방식도 다를까? 케일럽 에버렛 (지은이), 노승영 (옮긴이)"
누구도 대신 살아 주지 않는다,"[국내도서] 누구도 대신 살아 주지 않는다 - 작은 실천으로 원하는 삶에 다가가는 법 브라이언 트레이시 (지은이), 박선령 (옮긴이)",오픈도어북스,"2025년 6월 16,800 원 → 15,120원 ( 10% 할인),  마일리지 840 원 9.6 ( 27 )",https://www.aladin.co.kr/shop/wproduct.aspx?ItemId=364876907,,인공지능,,15120.0,9.6,,,2025-06-01,"[국내도서] 누구도 대신 살아 주지 않는다 - 작은 실천으로 원하는 삶에 다가가는 법 브라이언 트레이시 (지은이), 박선령 (옮긴이)"
방구석 미술관 3,핸드타월 2종(택 1) [국내도서] 방구석 미술관 3 - 가볍게 친해지는 서양 현대미술 ㅣ 방구석 미술관 3 조원재 (지은이),블랙피쉬,"2025년 4월 18,800 원 → 16,920원 ( 10% 할인),  마일리지 940 원 10.0 ( 21 )",https://www.aladin.co.kr/shop/wproduct.aspx?ItemId=362377502,,인공지능,,16920.0,10.0,,,2025-04-01,핸드타월 2종(택 1) [국내도서] 방구석 미술관 3 - 가볍게 친해지는 서양 현대미술 ㅣ 방구석 미술관 3 조원재 (지은이)
팔견전 21,"[국내도서] 팔견전 21 - 동방팔견이문, S코믹스 ㅣ S코믹스 아베 미유키 (지은이), Leigh (옮긴이)",㈜소미미디어,"2025년 6월 6,000 원 → 5,400원 ( 10% 할인),  마일리지 300 원 10.0 ( 2 )",https://www.aladin.co.kr/shop/wproduct.aspx?ItemId=365413873,,인공지능,,5400.0,10.0,,,2025-06-01,"[국내도서] 팔견전 21 - 동방팔견이문, S코믹스 ㅣ S코믹스 아베 미유키 (지은이), Leigh (옮긴이)"
뱅크시의 사라진 작품들,"[국내도서] 뱅크시의 사라진 작품들 - 팔리거나 도난당하거나 파괴된 그래피티 51 윌 엘즈워스-존스 (지은이), 서경주 (옮긴이)",미술문화,"2025년 6월 25,000 원 → 22,500원 ( 10% 할인),  마일리지 1,250 원 9.7 ( 7 )",https://www.aladin.co.kr/shop/wproduct.aspx?ItemId=364182015,,인공지능,,22500.0,9.7,,,2025-06-01,"[국내도서] 뱅크시의 사라진 작품들 - 팔리거나 도난당하거나 파괴된 그래피티 51 윌 엘즈워스-존스 (지은이), 서경주 (옮긴이)"
과자 사면 과학 드립니다,"편의점 간식 더블 키링 (2종 중 택1, 대상도서 1만 원 이상 구매 시) [국내도서] 과자 사면 과학 드립니다 Choice 정윤선 (지은이), 시미씨 (그림)",풀빛,"2025년 4월 15,000 원 → 13,500원 ( 10% 할인),  마일리지 750 원 10.0 ( 17 )",https://www.aladin.co.kr/shop/wproduct.aspx?ItemId=362545754,,인공지능,,13500.0,10.0,,,2025-04-01,"편의점 간식 더블 키링 (2종 중 택1, 대상도서 1만 원 이상 구매 시) [국내도서] 과자 사면 과학 드립니다 Choice 정윤선 (지은이), 시미씨 (그림)"
고독한 용의자,"화제의 책 + 알라딘 굿즈 (이벤트 도서 포함, 국내도서 3만5천원 이상) [국내도서] 고독한 용의자 찬호께이 (지은이), 허유영 (옮긴이)",위즈덤하우스,"2025년 4월 19,500 원 → 17,550원 ( 10% 할인),  마일리지 970 원 9.2 ( 41 )",https://www.aladin.co.kr/shop/wproduct.aspx?ItemId=362413157,,인공지능,,17550.0,9.2,,,2025-04-01,"화제의 책 + 알라딘 굿즈 (이벤트 도서 포함, 국내도서 3만5천원 이상) [국내도서] 고독한 용의자 찬호께이 (지은이), 허유영 (옮긴이)"
관촌수필,"화제의 책 + 알라딘 굿즈 (이벤트 도서 포함, 국내도서 3만5천원 이상) [국내도서] 관촌수필 ㅣ 문지클래식 1 이문구 (지은이)",문학과지성사,"2018년 9월 17,000 원 → 15,300원 ( 10% 할인),  마일리지 850 원 9.3 ( 11 )",https://www.aladin.co.kr/shop/wproduct.aspx?ItemId=166280807,,인공지능,,15300.0,9.3,,,2018-09-01,"화제의 책 + 알라딘 굿즈 (이벤트 도서 포함, 국내도서 3만5천원 이상) [국내도서] 관촌수필 ㅣ 문지클래식 1 이문구 (지은이)"
노렌디 이야기 1 : 스펠호르스트의 꼭두각시 인형들,"단독 특별 양장 노트(택1, 대상도서 1만 원 이상) [국내도서] 노렌디 이야기 1 : 스펠호르스트의 꼭두각시 인형들 ㅣ 노렌디 이야기 1 케이트 디카밀로 (지은이), 줄리 모스태드 (그림), 김경미 (옮긴이)",비룡소,"2025년 6월 15,000 원 → 13,500원 ( 10% 할인),  마일리지 750 원 세일즈포인트 : 1,460",https://www.aladin.co.kr/shop/wproduct.aspx?ItemId=364288177,,인공지능,,13500.0,,,,2025-06-01,"단독 특별 양장 노트(택1, 대상도서 1만 원 이상) [국내도서] 노렌디 이야기 1 : 스펠호르스트의 꼭두각시 인형들 ㅣ 노렌디 이야기 1 케이트 디카밀로 (지은이), 줄리 모스태드 (그림), 김경미 (옮긴이)"
연매장,"대단한 책 6월 + 패브릭 독서대 (대상도서 포함 국내도서 3만원 이상 구매 시) [국내도서] 연매장 팡팡 (지은이), 문현선 (옮긴이)",문학동네,"2025년 4월 17,500 원 → 15,750원 ( 10% 할인),  마일리지 870 원 10.0 ( 6 )",https://www.aladin.co.kr/shop/wproduct.aspx?ItemId=362547243,,인공지능,,15750.0,10.0,,,2025-04-01,"대단한 책 6월 + 패브릭 독서대 (대상도서 포함 국내도서 3만원 이상 구매 시) [국내도서] 연매장 팡팡 (지은이), 문현선 (옮긴이)"
초역 부처의 말 필사집,"화제의 책 + 알라딘 굿즈 (이벤트 도서 포함, 국내도서 3만5천원 이상) [국내도서] 초역 부처의 말 필사집 - 2500년 동안 사랑받은 코이케 류노스케 (지은이), 박재현 (옮긴이)",포레스트북스,"2025년 3월 22,000 원 → 19,800원 ( 10% 할인),  마일리지 1,100 원 10.0 ( 9 )",https://www.aladin.co.kr/shop/wproduct.aspx?ItemId=360263315,,인공지능,,19800.0,10.0,,,2025-03-01,"화제의 책 + 알라딘 굿즈 (이벤트 도서 포함, 국내도서 3만5천원 이상) [국내도서] 초역 부처의 말 필사집 - 2500년 동안 사랑받은 코이케 류노스케 (지은이), 박재현 (옮긴이)"
2024 켈리 지텔프 G-point 33 : 문법편,데스크 매트.북엔드.클립보드 등(공무원.자격증.외국어.컴퓨터 구매 금액별 사은품) [국내도서] 2024 켈리 지텔프 G-point 33 : 문법편 켈리 (지은이),멘토링,"2024년 3월 30,000 원 → 27,000원 ( 10% 할인),  마일리지 1,500 원 세일즈포인트 : 25,605",https://www.aladin.co.kr/shop/wproduct.aspx?ItemId=334958295,,인공지능,,27000.0,,,,2024-03-01,데스크 매트.북엔드.클립보드 등(공무원.자격증.외국어.컴퓨터 구매 금액별 사은품) [국내도서] 2024 켈리 지텔프 G-point 33 : 문법편 켈리 (지은이)
칼의 노래,21세기 최고의 책 금속 책갈피 (대상도서 3만원 이상) [국내도서] 칼의 노래 김훈 (지은이),문학동네,"2012년 1월 16,500 원 → 14,850원 ( 10% 할인),  마일리지 820 원 9.0 ( 231 )",https://www.aladin.co.kr/shop/wproduct.aspx?ItemId=14628764,,인공지능,,14850.0,9.0,,,2012-01-01,21세기 최고의 책 금속 책갈피 (대상도서 3만원 이상) [국내도서] 칼의 노래 김훈 (지은이)
리얼 Real 16,[국내도서] 리얼 Real 16 이노우에 타케히코 (지은이),대원씨아이(만화),"2025년 5월 6,500 원 → 5,850원 ( 10% 할인),  마일리지 320 원 10.0 ( 4 )",https://www.aladin.co.kr/shop/wproduct.aspx?ItemId=365048176,,인공지능,,5850.0,10.0,,,2025-05-01,[국내도서] 리얼 Real 16 이노우에 타케히코 (지은이)
잠자고 싶은 토끼,"[국내도서] 잠자고 싶은 토끼 칼-요한 포셴 엘린 (지은이), 시드니 핸슨 (그림), 이나미 (옮긴이)",윌마,"2025년 5월 16,800 원 → 15,120원 ( 10% 할인),  마일리지 840 원 10.0 ( 19 )",https://www.aladin.co.kr/shop/wproduct.aspx?ItemId=364749502,,인공지능,,15120.0,10.0,,,2025-05-01,"[국내도서] 잠자고 싶은 토끼 칼-요한 포셴 엘린 (지은이), 시드니 핸슨 (그림), 이나미 (옮긴이)"
산 루이스 레이의 다리,"북포켓 카드 홀더 [국내도서] 산 루이스 레이의 다리 손턴 와일더 (지은이), 정해영 (옮긴이), 신형철 (해제)",클레이하우스,"2025년 5월 17,000 원 → 15,300원 ( 10% 할인),  마일리지 850 원 9.6 ( 25 )",https://www.aladin.co.kr/shop/wproduct.aspx?ItemId=362985600,,인공지능,,15300.0,9.6,,,2025-05-01,"북포켓 카드 홀더 [국내도서] 산 루이스 레이의 다리 손턴 와일더 (지은이), 정해영 (옮긴이), 신형철 (해제)"
내면소통 명상수업,인플루엔셜 브랜드전 + 유리 키링(대상도서 3만원 이상) [국내도서] 내면소통 명상수업 - 마음근력 향상을 위한 명상 가이드 김주환 (지은이),인플루엔셜(주),"2025년 3월 28,000 원 → 25,200원 ( 10% 할인),  마일리지 1,400 원 9.7 ( 15 )",https://www.aladin.co.kr/shop/wproduct.aspx?ItemId=360480333,,인공지능,,25200.0,9.7,,,2025-03-01,인플루엔셜 브랜드전 + 유리 키링(대상도서 3만원 이상) [국내도서] 내면소통 명상수업 - 마음근력 향상을 위한 명상 가이드 김주환 (지은이)
파쇄,위즈덤하우스 로고 머그 · 플립 노트 (대상 도서 구매 시) [국내도서] 파쇄 ㅣ 위픽 구병모 (지은이),위즈덤하우스,"2023년 3월 13,000 원 → 11,700원 ( 10% 할인),  마일리지 650 원 8.5 ( 46 )",https://www.aladin.co.kr/shop/wproduct.aspx?ItemId=312732931,,인공지능,,11700.0,8.5,,,2023-03-01,위즈덤하우스 로고 머그 · 플립 노트 (대상 도서 구매 시) [국내도서] 파쇄 ㅣ 위픽 구병모 (지은이)
내 주머니는 맑고 강풍,"2025 서울국제도서전 여름, 첫 책 [국내도서] 내 주머니는 맑고 강풍 Choice 최진영 (지은이)",핀드,"2025년 6월 18,000 원 → 16,200원 ( 10% 할인),  마일리지 900 원 세일즈포인트 : 4,500",https://www.aladin.co.kr/shop/wproduct.aspx?ItemId=365711963,,인공지능,,16200.0,,,,2025-06-01,"2025 서울국제도서전 여름, 첫 책 [국내도서] 내 주머니는 맑고 강풍 Choice 최진영 (지은이)"
축구를 생각하다,"훈련일지 [국내도서] 축구를 생각하다 이동국 , 정훈 , 이용 , 홍정남 (지은이)",인북,"2025년 6월 19,800 원 → 17,820원 ( 10% 할인),  마일리지 990 원 세일즈포인트 : 3,710",https://www.aladin.co.kr/shop/wproduct.aspx?ItemId=365689137,,인공지능,,17820.0,,,,2025-06-01,"훈련일지 [국내도서] 축구를 생각하다 이동국 , 정훈 , 이용 , 홍정남 (지은이)"
대한민국 제21대 대통령 이재명 희망의 대한민국 (초호화 한정판 소장용 금장 에디션),[국내도서] 대한민국 제21대 대통령 이재명 희망의 대한민국 (초호화 한정판 소장용 금장 에디션) - 대통령 취임사 특별 수록집 대한민국 (지은이),대한의소리,"2025년 6월 18,000 원 → 16,200원 ( 10% 할인),  마일리지 900 원 10.0 ( 1 )",https://www.aladin.co.kr/shop/wproduct.aspx?ItemId=365656821,,인공지능,,16200.0,10.0,,,2025-06-01,[국내도서] 대한민국 제21대 대통령 이재명 희망의 대한민국 (초호화 한정판 소장용 금장 에디션) - 대통령 취임사 특별 수록집 대한민국 (지은이)
당신은 하마스를 모른다,"화제의 책 + 알라딘 굿즈 (이벤트 도서 포함, 국내도서 3만5천원 이상) [국내도서] 당신은 하마스를 모른다 - 금기와 편견 너머, 하마스를 이해하기 헬레나 코번 , 라미 G. 쿠리 (지은이), 이준태 (옮긴이), 팔레스타인평화연대 (감수)",동녘,"2025년 6월 22,000 원 → 19,800원 ( 10% 할인),  마일리지 1,100 원 세일즈포인트 : 4,960",https://www.aladin.co.kr/shop/wproduct.aspx?ItemId=365391492,,인공지능,,19800.0,,,,2025-06-01,"화제의 책 + 알라딘 굿즈 (이벤트 도서 포함, 국내도서 3만5천원 이상) [국내도서] 당신은 하마스를 모른다 - 금기와 편견 너머, 하마스를 이해하기 헬레나 코번 , 라미 G. 쿠리 (지은이), 이준태 (옮긴이), 팔레스타인평화연대 (감수)"
"정재승의 인간 탐구 보고서 17 : 음식, 인간의 마음을 요리하다","정재승 사인 키링 (택1) [국내도서] 정재승의 인간 탐구 보고서 17 : 음식, 인간의 마음을 요리하다 - 어린이를 위한 뇌과학 프로젝트 ㅣ 정재승의 인간 탐구 보고서 정재은 (글), 김현민 (그림), 정재승 (기획), 이고은 (자문)",아울북,"2025년 5월 16,800 원 → 15,120원 ( 10% 할인),  마일리지 840 원 세일즈포인트 : 10,610",https://www.aladin.co.kr/shop/wproduct.aspx?ItemId=364980143,,인공지능,,15120.0,,,,2025-05-01,"정재승 사인 키링 (택1) [국내도서] 정재승의 인간 탐구 보고서 17 : 음식, 인간의 마음을 요리하다 - 어린이를 위한 뇌과학 프로젝트 ㅣ 정재승의 인간 탐구 보고서 정재은 (글), 김현민 (그림), 정재승 (기획), 이고은 (자문)"
자연은 계산하지 않는다,"쉬폰 포스터(도서 포함 국내도서 2만원 이상 구매 시) [국내도서] 자연은 계산하지 않는다 - 식물학자가 자연에서 찾은 풍요로운 삶의 비밀 로빈 월 키머러 (지은이), 노승영 (옮긴이), 존 버고인 (삽화)",다산초당,"2025년 5월 16,800 원 → 15,120원 ( 10% 할인),  마일리지 840 원 10.0 ( 9 )",https://www.aladin.co.kr/shop/wproduct.aspx?ItemId=364866638,,인공지능,,15120.0,10.0,,,2025-05-01,"쉬폰 포스터(도서 포함 국내도서 2만원 이상 구매 시) [국내도서] 자연은 계산하지 않는다 - 식물학자가 자연에서 찾은 풍요로운 삶의 비밀 로빈 월 키머러 (지은이), 노승영 (옮긴이), 존 버고인 (삽화)"
오닉스 스톰 1,"초판한정 : 일러스트 표지&보드(책갈피)&미공개 원고  + 일러스트 아크릴 스탠드(대상도서 포함 소설/시/희곡 2만 원 이상 구매시 선택) [국내도서] 오닉스 스톰 1 ㅣ 엠피리언 레베카 야로스 (지은이), 이수현 (옮긴이)",북폴리오,"2025년 5월 19,000 원 → 17,100원 ( 10% 할인),  마일리지 950 원 세일즈포인트 : 26,650",https://www.aladin.co.kr/shop/wproduct.aspx?ItemId=364852073,,인공지능,,17100.0,,,,2025-05-01,"초판한정 : 일러스트 표지&보드(책갈피)&미공개 원고  + 일러스트 아크릴 스탠드(대상도서 포함 소설/시/희곡 2만 원 이상 구매시 선택) [국내도서] 오닉스 스톰 1 ㅣ 엠피리언 레베카 야로스 (지은이), 이수현 (옮긴이)"
나는 월급쟁이 배당 부자가 되었다,"화제의 책 + 알라딘 굿즈 (이벤트 도서 포함, 국내도서 3만5천원 이상) [국내도서] 나는 월급쟁이 배당 부자가 되었다 환상감자(이은호) (지은이)",길벗,"2025년 6월 22,000 원 → 19,800원 ( 10% 할인),  마일리지 1,100 원 10.0 ( 16 )",https://www.aladin.co.kr/shop/wproduct.aspx?ItemId=364851780,,인공지능,,19800.0,10.0,,,2025-06-01,"화제의 책 + 알라딘 굿즈 (이벤트 도서 포함, 국내도서 3만5천원 이상) [국내도서] 나는 월급쟁이 배당 부자가 되었다 환상감자(이은호) (지은이)"
내가 나라서 정말 좋아,"김지훤 저자 사인 아크릴 키링(택1), 추가로 포토카드 2종+틴케이스(각 마일리지 차감) [국내도서] 내가 나라서 정말 좋아 - 단단한 마음을 만드는 다정한 말 김지훤 (지은이), 하꼬방 (그림)",길벗,"2025년 1월 16,800 원 → 15,120원 ( 10% 할인),  마일리지 840 원 9.6 ( 22 )",https://www.aladin.co.kr/shop/wproduct.aspx?ItemId=354318898,,인공지능,,15120.0,9.6,,,2025-01-01,"김지훤 저자 사인 아크릴 키링(택1), 추가로 포토카드 2종+틴케이스(각 마일리지 차감) [국내도서] 내가 나라서 정말 좋아 - 단단한 마음을 만드는 다정한 말 김지훤 (지은이), 하꼬방 (그림)"
읽으면서 바로 써먹는 어린이 OX 퀴즈,"캐릭터 더블 키링(3종 중 택1, 대상도서 1권 이상) [국내도서] 읽으면서 바로 써먹는 어린이 OX 퀴즈 ㅣ 맛있는 공부 66 한날 (지은이)",파란정원,"2024년 12월 13,000 원 → 11,700원 ( 10% 할인),  마일리지 650 원 10.0 ( 6 )",https://www.aladin.co.kr/shop/wproduct.aspx?ItemId=353595026,,인공지능,,11700.0,10.0,,,2024-12-01,"캐릭터 더블 키링(3종 중 택1, 대상도서 1권 이상) [국내도서] 읽으면서 바로 써먹는 어린이 OX 퀴즈 ㅣ 맛있는 공부 66 한날 (지은이)"
구의 증명,"화제의 책 + 알라딘 굿즈 (이벤트 도서 포함, 국내도서 3만5천원 이상) [국내도서] 구의 증명 ㅣ 은행나무 시리즈 N°(노벨라) 7 Choice 최진영 (지은이)",은행나무,"2023년 4월 12,000 원 → 10,800원 ( 10% 할인),  마일리지 600 원 7.7 ( 81 )",https://www.aladin.co.kr/shop/wproduct.aspx?ItemId=315614621,,인공지능,,10800.0,7.7,,,2023-04-01,"화제의 책 + 알라딘 굿즈 (이벤트 도서 포함, 국내도서 3만5천원 이상) [국내도서] 구의 증명 ㅣ 은행나무 시리즈 N°(노벨라) 7 Choice 최진영 (지은이)"
나의 열두 살에게,"알라딘 단독, 소복이 작가 친필 사인본(선착순 한정) [국내도서] 나의 열두 살에게 소복이 (지은이)",나무의말,"2025년 6월 19,800 원 → 17,820원 ( 10% 할인),  마일리지 990 원 10.0 ( 1 )",https://www.aladin.co.kr/shop/wproduct.aspx?ItemId=366119898,,인공지능,,17820.0,10.0,,,2025-06-01,"알라딘 단독, 소복이 작가 친필 사인본(선착순 한정) [국내도서] 나의 열두 살에게 소복이 (지은이)"
신주로,"신주로 종이 마그넷 [국내도서] 신주로 요코미조 세이시 (지은이), 정명원 (옮긴이)",시공사,"2025년 6월 17,500 원 → 15,750원 ( 10% 할인),  마일리지 870 원 9.8 ( 25 )",https://www.aladin.co.kr/shop/wproduct.aspx?ItemId=365051738,,인공지능,,15750.0,9.8,,,2025-06-01,"신주로 종이 마그넷 [국내도서] 신주로 요코미조 세이시 (지은이), 정명원 (옮긴이)"
거꾸로 읽는 교회사,"6월 특별 선물. 도시락 보냉가방 ·
여름 와플 담요 (이벤트 도서 포함 국내서·외서 5만원 이상) [국내도서] 거꾸로 읽는 교회사 - 역사 속 교회의 초상들 최종원 (지은이)",복있는사람,"2025년 5월 19,500 원 → 17,550원 ( 10% 할인),  마일리지 970 원 7.3 ( 6 )",https://www.aladin.co.kr/shop/wproduct.aspx?ItemId=364262136,,인공지능,,17550.0,7.3,,,2025-05-01,"6월 특별 선물. 도시락 보냉가방 ·
여름 와플 담요 (이벤트 도서 포함 국내서·외서 5만원 이상) [국내도서] 거꾸로 읽는 교회사 - 역사 속 교회의 초상들 최종원 (지은이)"
적절한 좌절,"6월 특별 선물. 도시락 보냉가방 ·
여름 와플 담요 (이벤트 도서 포함 국내서·외서 5만원 이상) [국내도서] 적절한 좌절 김경일 , 류한욱 (지은이)",저녁달,"2025년 5월 20,000 원 → 18,000원 ( 10% 할인),  마일리지 1,000 원 10.0 ( 25 )",https://www.aladin.co.kr/shop/wproduct.aspx?ItemId=362981488,,인공지능,,18000.0,10.0,,,2025-05-01,"6월 특별 선물. 도시락 보냉가방 ·
여름 와플 담요 (이벤트 도서 포함 국내서·외서 5만원 이상) [국내도서] 적절한 좌절 김경일 , 류한욱 (지은이)"
2025 써니 행정법총론 실전동형 모의고사,독서대(공무원 수험서 2만원 이상) [국내도서] 2025 써니 행정법총론 실전동형 모의고사 박준철 (지은이),에스티유니타스,"2025년 3월 14,000 원 → 12,600원 ( 10% 할인),  마일리지 140 원 세일즈포인트 : 22,055",https://www.aladin.co.kr/shop/wproduct.aspx?ItemId=358727661,,인공지능,,12600.0,,,,2025-03-01,독서대(공무원 수험서 2만원 이상) [국내도서] 2025 써니 행정법총론 실전동형 모의고사 박준철 (지은이)
신청곡,[국내도서] 신청곡 - 단편집 유폴히 (지은이),데이즈엔터(주),"2025년 6월 16,500 원 → 14,850원 ( 10% 할인),  마일리지 820 원 세일즈포인트 : 3,960",https://www.aladin.co.kr/shop/wproduct.aspx?ItemId=365844995,,인공지능,,14850.0,,,,2025-06-01,[국내도서] 신청곡 - 단편집 유폴히 (지은이)
